"year","number","question","answer","choice1","choice2","choice3","choice4","choice5"
"2021","1","森林・林業基本計画（令和3年（2009年6月10日）により告示された基本計画）に関する次の記述のうち、最も不適切なものはどれか。","3","①本計画では、育成複層林の推進によるCO2吸収源対策や、林業・木材産業・木材利用分野でのグリーン成長を掲げている。","②本計画では、森林の間伐の促進及び森林への適切な管理の推進に関する事項を定めるものとされている。","③本計画では、「国産材の自給率を50%以上に高める」目標が掲げられており、計画達成年次における自給率目標を定めている。","④本計画では、林業の各段階における生産性向上や担い手の育成・確保、木材需要の拡大などの施策を盛り込んでいる。","⑤本計画では、持続的に発展できる林業経営体の育成や継続的な担い手確保のための施策が位置づけられている。"
"2021","2","森林組合に関する次の記述のうち、最も不適切なものはどれか。","2","①森林組合は、森林組合法に基づき組合員である森林所有者の森林経営の改善と生活の向上に協同の事業を行うことを目的として設立される組合である。","②森林組合は、組合員となることができる者の範囲を地区内の森林所有者に限定されており、法人の組合員資格は認められていない。","③森林組合の組合員の議決権・選挙権は出資口数にかかわらず、各組合員が1個の議決権を有する平等議決権が原則である。","④森林組合は、その地区内の森林の面積の10分の3以上の森林を有する森林所有者を組合員として設立できる。","⑤森林組合の経営の健全性の確保等のために、都道府県の指導監督を受けており、行政機関による検査制度がある。"
"2021","3","我が国の森林面積・林業生産等に関する次の記述のうち、最も不適切なものはどれか。","2","①我が国の森林面積は約2,500万haで国土の約3分の2を占めており、人工林率は約40%である。","②素材生産量（丸太生産量）は、戦後の拡大造林の効果もあり、1960年代後半から増加し続け、現在では約6,000万m3を超えている。","③木材自給率は、2002年（平成14年）に約19%まで低下した後、回復傾向にあり、2019年（令和元年）には約37%まで回復している。","④我が国の林業産出額は約4,600億円（2018年（平成30年））であり、このうち丸太等の木材生産による産出額が全体の約80%を占める。","⑤民有林における素材生産量の約40%は、下刈・除伐・間伐等の造林・保育作業を行うことができる路網が整備されていない、いわゆる「奥山」と呼ばれる山地で生産されている。"
"2021","4","施業の集約化に関する次の記述のうち、最も不適切なものはどれか。","4","①施業の集約化とは、隣接する森林を一体的に管理・経営し、一定のまとまりのある森林に対して施業を集中的に実施するものである。","②施業の集約化に取り組むために、林業普及指導員等が中心となって、森林所有者の意向確認や関係機関との調整を行う森林経営計画の作成を支援している。","③施業の集約化を進めるための仕組みとして、市町村が中心となって隣接する複数の森林所有者等が施業や経営を共同して行う「森林経営計画」の制度がある。","④施業の集約化に当たっては、林業事業体は経営の合理化を図るため、境界が不明な所有地については、隣地の所有者に無断で施業しても問題はない。","⑤施業の集約化を推進するために、市町村が「林地台帳」を整備し、所有者情報を管理しながら、森林所有者への働きかけを行っている。"
"2021","5","伐採及び造林に関する次の記述のうち、最も不適切なものはどれか。","5","①主伐とは、育成単層林において、利用可能な材積を有する森林に対して行われる伐採であり、皆伐や択伐がある。","②皆伐では、林分内の樹木を一度に全部又は大部分を伐採するため、皆伐後には人工造林や天然更新によって新たな林分を造成することが求められる。","③択伐では、林分内の一部の樹木のみを伐採する方法で、残存する樹木の成長を促すとともに、伐採後には伐採木の切り株や残存樹木の落下種子等から後継樹の発生を期待する場合がある。","④帯状伐採とは、森林を帯状に区分して順次伐採していく方法で、伐採した部分の更新に隣接する林分の樹木からの種子の飛散を利用できる場合がある。","⑤樹幹の形質が優れた優良木を多く含む立木密度の高い人工林においては、間伐を省略して一度に皆伐を行うことが森林の健全性を保つ上で最も効果的な方法である。"
"2021","6","苗木に関する次の記述のうち、最も不適切なものはどれか。","3","①林木の苗木を作る方法は、実生繁殖すなわち種子から苗木を育成する有性繁殖法と、さし木、接ぎ木、とり木、分株、組織培養等により苗木を育成する栄養繁殖法に分けることができる。","②実生苗木生産にとって、種子確保は重要な課題であり、樹木を観察して種子の登熟を予測し、豊作年に多くの種子を採取して、これを長期間保存しておく技術が必要である。","③コンテナ苗は、容器内面にリブ（縦筋状の突起）を設け、容器の底面を開けるなどにより、根が培地に張り巡らされ、根鉢が容易に崩れない状態（成形性）が保たれ、根巻きが進むのが特徴である。","④林野庁では、花粉症対策に資する苗木の生産拡大に向けて、少花粉スギ等の種子を短期間で効率的に生産する「ミニチュア採種園」や富木生産施設の整備等に取り組んでいる。","⑤精英樹の中でも特に優れたものを交配した苗木の中から選ばれた第2世代精英樹（エリートツリー）は、初期成長の早さが特徴で、材質や通直性にも優れている。"
"2021","7","各種と共生による森林（もり）づくり、森林管理施策に関する次の記述のうち、最も不適切なものはどれか。","5","①CSR（企業の社会的責任）活動の一環として、企業による森林の保全活動を行うための制度として、「企業の森づくり活動」制度があり、都道府県、市町村などによる企業と森林所有者等のコーディネートにより実施されている。","②市民との協働による森林づくりを促進するために、市区町村を実施主体として、協定に基づき市民が参加してボランティア活動として森林整備活動等に取り組む「市民の森づくり推進事業」が実施されている。","③大学生が在学中に森林整備等の実体験を学ぶとともに、将来の森林・林業を担う人材を育成することを目的として、大学山岳部等が実施する森林整備活動を支援する制度がある。","④「緑の募金」は、森と緑の会が実施主体となり、緑の羽根を活用して行う募金活動であり、国内外の森林づくり活動に役立てられている。","⑤ダム式の貯留や流域管理によって水資源を涵養する観点から、最も重要なのは水源地域の天然林であり、国内における人工林の整備は水源涵養には寄与しないとする考えが主流になっている。"
"2021","8","持続可能な開発目標（SDGs）に関する次の記述のうち、最も不適切なものはどれか。","5","①平成27（2015）年9月の国連サミットにおいて「我々の世界を変革する：持続可能な開発のための2030アジェンダ」が採択され、17の目標が設定された。","②普及活動において、持続可能な開発目標（SDGs）のカラーホイールは、特定の目標の達成に向けてどの関係機関がどのように取り組んでいるかを関係者が把握するために重要なツールとなっている。","③平成29（2017）年6月に閣議決定された「SDGs実施指針」において、我が国の8つの優先課題が設定された。","④平成30（2018）年6月に閣議決定された「SDGsアクションプラン2019」では、SDGsの達成に向けた日本の具体的な行動計画が示されている。","⑤SDGsは、各国政府や国連機関が取り組む目標であり、企業や個人の取組を推進していくことは、その理念に反するものである。"
"2021","9","森林の保全及び火災防止に関する次の記述のうち、最も不適切なものはどれか。","3","①市区町村が行う地域における保安林の管理等に関する計画（地域管理経営計画）の作成を支援するとともに、保安林の持続的な管理の推進など、地域の実情に即した取組が求められている。","②保安林は、森林法により設定され、水源の涵養や土砂流出防備など17の目的別に設定でき、保安林の所有者は、国土交通大臣の許可なく立木の伐採や土地形質の変更を行ってはならない。","③保安林制度において、禁止行為や制限行為がある保安林を伐採する際は、農林水産大臣の許可が必要であり、この伐採許可を得ずに伐採した場合には、罰則規定（3年以下の懲役又は100万円以下の罰金）が適用される。","④保安林の管理者は都道府県知事であり、国有林の保安林については、北海道森林管理局等の各地方森林管理局が都道府県知事と協力して管理している。","⑤林野火災は、毎年5月頃が最も発生が多く、その原因としては火入れや煙草等が挙げられ、森林被害の防止のため、「全国山火事予防運動」が毎年春に実施されている。"
"2021","10","森林の炭素吸収源対策に関する次の記述のうち、最も不適切なものはどれか。","2","①森林の炭素吸収量は、大気中のCO2濃度の安定化に資するものであり、地球温暖化防止に重要な役割を担っている。","②森林内の炭素蓄積量は、「生きている木材（生物量）」のみで評価され、枯死木や落葉落枝、土壌に含まれる炭素は計上されない。","③わが国の京都議定書目標達成計画では、森林吸収源として、吸収量の目標を基準年（1990年）の総排出量の3.8%に設定していた。","④京都議定書では、条約の附属書Ⅰ国に対して2008〜2012年（第一約束期間）における温室効果ガスの排出削減義務が課せられた。","⑤2015年（平成27年）に採択されたパリ協定では、産業革命前と比べた地球平均気温上昇を2℃未満に抑えるという目標が設定されており、各国の自主的な削減目標（NDC）の提出と更新が義務付けられている。"
"2021","11","森林の分類と機能に関する次の記述のうち、最も不適切なものはどれか。","3","①森林はその成立過程から、原生林（自然林）、天然林（二次林を含む）、人工林に分けられ、我が国の天然林の多くは人間活動の影響を受けた二次林である。","②森林は、樹木の生長及び枯死のサイクルを通じて大気中のCO2の吸収と放出を行っており、若い樹木では成長に伴い大気中のCO2を吸収し続けているが、老齢木では呼吸によるCO2排出量が光合成によるCO2吸収量を上回るようになる。","③国土の保全や水源の涵養など公益的機能が特に高度に発揮されることが求められる森林は「保護林」として指定されており、ほぼすべての国有林が保護林に指定されている。","④森林が持つ機能のうち、水循環機能については、降水が森林の地表面から浸透し、年間降水量の50〜80%程度が地下水となって流出していると言われている。","⑤国内の森林の多くは、木材資源の生産とともに国土保全や水源涵養のような生態系サービスも供給している。"
"2021","12","森林の土壌に関する次の記述のうち、最も不適切なものはどれか。","2","①森林土壌は、有機物の集積量及び風化の程度が深さによって異なり、それにより異なる特徴を持つ複数の層（土壌層位）が形成され、これらの層位が重なったものを土壌断面という。","②山地における土壌は、侵食と堆積が繰り返されることで均質な土壌が形成されており、化学的性質・物理的性質共に場所の影響を受けない均一な性質である。","③褐色森林土は、我が国の最も代表的な森林土壌であり、有機物の集積や風化が進み、土壌の深さ方向に様々な土壌層位が発達しているのが特徴である。","④堆積岩類を母材とする土壌や表層が細粒な土壌では、降水後に水が土壌中で滞留・横流れするグライ化や湿性化がみられることがある。","⑤森林の土壌生物には、ミミズや昆虫類のような土壌動物のほか、糸状菌や細菌等の微生物が含まれており、落葉落枝の分解・腐植化に重要な役割を果たしている。"
"2021","13","共有地の管理に関する次の記述のうち、最も不適切なものはどれか。","4","①我が国には、不特定多数の者が利用できる入会地のほかに、特定のコミュニティが共同利用する入会地もある。","②入会地は、山村等の農林業者が薪や落葉等を集めるために共同で利用してきた山野である。","③農業委員会は、農地の利用調整を行う機関であるが、農地及び採草放牧地以外の土地については入会地に関する業務も行う。","④国有地の管理においては、都道府県の長が森林法に基づいて行う立木竹の伐採の許可の際に境界を確認しなければならない。","⑤地縁による団体（自治会・町内会等）は、不動産を保有するにあたり、法人格を取得する方法として「認可地縁団体」の制度がある。"
"2021","14","水源地域における森林・林業の管理に関する次の記述のうち、最も不適切なものはどれか。","1","①水源地域の森林については、その所有者に関係なく、水源機能を高める施業を行うよう義務付ける規定が森林法に存在する。","②森林の水文環境に関わる特性として、山地流域からの流出高は年間降水量の60〜80%とされており、森林の水源涵養機能が流域の水循環において重要な役割を担っている。","③針葉樹人工林では、過密化した樹冠によって下層植生が少なくなる場合があり、適切な間伐を行うことで林内への雨水浸透量を高めることができる。","④水源地域の森林において皆伐を行うと、土砂の流出リスクが高まるため、皆伐後の造林・保育を適切に行い、水源機能の回復に努めることが重要である。","⑤「水源の森づくり」や「水と緑の森づくり税」など、水源地の森林整備・保全を目的として、都道府県が独自に設ける税制措置や施策がある。"
"2021","15","林業の機械化に関する次の記述のうち、最も不適切なものはどれか。","4","①林業機械は、農業機械と違って主に傾斜地での作業に使用されるため、斜面走行の安定性が重要であり、安全面の確保が特に求められる。","②林業の機械化による生産性向上が重要視される中、高性能林業機械による素材生産量は2010年代初めを境に著しく増加している。","③グラップル（把持装置）を標準装備したハーベスタやプロセッサなどの機械が普及してきており、伐木・造材・集材の各工程を効率的に行うことができる。","④急峻な地形が多い日本の山地に適した林業機械として、平坦な地形での荷搬出に有利なフォワーダが広く普及しており、全ての伐採現場で使用されている。","⑤林業機械の導入・普及に際しては、林道や作業道等の路網整備を計画的に進め、機械の走行性・安全性を確保することが求められる。"
"2021","16","ワイヤーロープに関する次の記述のうち、最も不適切なものはどれか。","5","①ワイヤーロープは、ワイヤを多数よりあわせてストランドとし、さらにそのストランドを複数本よりあわせて作られたロープである。","②ワイヤを多数集束するとして、各番のワイヤが何本となるかは「平方①」に基づいており、各番のワイヤは奇数本になることが多い（偶数になることもある）。","③ローブのよりの方向として「Z より」「S より」があり、特に断りがない場合は「Z よ り」、cross-lay-longitudeとよばれることも多い。","④ローブのよりを多数集束するとして、6本のストランドが同心円状に配置されている場合、中心に1本のコアが入り計7本になることが多い。","⑤ワイヤーロープは、一度かかる負荷が切断荷重（破断荷重）の1/3〜1/5以下となるように安全係数を設定されており、この安全係数を超えた場合に限り、素直に切断が発生する。"
"2021","17","作業システムに関する次の記述のうち、最も不適切なものはどれか。","5","①架線作業では、集材距離が長くなっても対応でき、急傾斜地でも土壌攪乱が少ないなどの利点がある。","②車両系作業では、作業精度・安全性からみて、傾斜20〜30°未満の比較的緩やかな斜面での作業が適しており、傾斜が急になるほど架線系との組み合わせが検討される。","③車両系作業では、主に一般の重機（建設機械）を改造して林業機械として利用しており、走行装置によりホイール系・クローラ系に分けられる。","④架線系作業では、主索と荷重索の2本のワイヤーを利用して荷を吊り上げて搬送するタワーヤーダが利用されており、林業が盛んな北米や欧州の山岳地帯でも広く使用されている。","⑤架線系作業では、林業先進国であるドイツ・スウェーデン等で広く普及している作業システムであり、本数間伐を主体とする我が国の林業においても架線系作業が主流となっている。"
"2021","18","森林作業道の設計に関する次の記述のうち、最も不適切なものはどれか。","3","①森林作業道は、バックホウ、スキッダ、フォワーダ等の林業機械の走行が可能な幅員や縦断勾配を確保して設計することが必要である。","②森林作業道の設計においては、作業目的の機械の種類と作業量に見合った路体の強度と安定を確保した上で、コスト面から極力土工事量を少なくすることが必要である。","③森林作業道は、安全を確保するため切土・盛土を大きくして路体の強固な基礎を作ることが肝要であり、法面の保護に植生工（種子吹付工・植栽工等）を行うことが特に重要である。","④路面排水施設の整備として、路面への雨水の流入・集水を減らし、路面表面水を適切に側溝や路外に排水するよう設計することが必要である。","⑤縦断曲線において、急な坂道から平坦部への変化点付近や平坦部から急な坂道への変化点付近については、地山の切り崩しや盛土が大きくならないよう縦断曲線長を確保することが望ましい。"
"2021","19","木の性質に関する次の記述のうち、最も不適切なものはどれか。","1","①スギやヒノキなどの針葉樹材は、ブナやケヤキなどの広葉樹材と比べ、導管が存在するため材の強度が高く、大断面の構造材として活用されている。","②針葉樹の木材において、仮道管は蒸散流（根から葉に向かう水・無機塩類の移動）の通路となっているとともに、葉や成長点への水分・養分の供給を担っている。","③スギやヒノキ等の針葉樹の樹幹の横断面において、樹心に近い部分（心材）が濃い茶色などを示すことが多く、辺材との境界が比較的明瞭なことが多い。","④木材細胞壁の構成成分であるセルロース、ヘミセルロース、リグニンのうち、セルロースは吸湿性が低く、ヘミセルロースは吸湿性が高い特性がある。","⑤木材の乾燥収縮は、繊維飽和点以下になると含水率に比例して起こり、繊維方向（樹幹軸方向）よりも横断面方向の収縮が大きい。"
"2021","20","木材の利用に関する次の記述のうち、最も不適切なものはどれか。","3","①集成材は、繊維方向を平行にそろえた複数の板（ラミナ）を接着剤で張り合わせて製造した木質材料であり、強度のばらつきを小さくできる特徴がある。","②単板積層材（LVL）は、薄くスライスした単板（ベニヤ）を繊維方向を平行にそろえて積層・接着した木質材料であり、高い強度と剛性を持ち、強度が比較的均一で、構造材や家具等に用いられる。","③CLT（直交集成板）は、繊維方向が同一方向に平行に積み重なるように接着積層して形成された面材であり、圧縮・引張力に対する抵抗が大きく、合板より変形しにくい特性をもつ。","④木材の燃焼特性として、木材が燃焼した際の表面に形成される炭化層は、熱の伝導を妨げることにより未燃材部分の過度な温度上昇を防ぐ働きがあることが知られている。","⑤構造用木材の強度を表すために、曲げ強度（MOR）、縦圧縮強度（UCS）、縦引張強度（UTS）などが使用されており、これらの値は木材の使用目的に応じた設計に利用される。"
"2021","21","木材の乾燥に関する次の記述のうち、最も不適切なものはどれか。","5","①木材は、木取り（製材）後の生材の状態で、含水率が100%を超えることがある。","②木材の気乾状態とは、使用する室内の雰囲気の温湿度条件と平衡した含水率の状態であり、一般的な室内環境では、含水率が12〜15%前後の状態を指す。","③木材の繊維飽和点は樹種によって差があるが、概ね含水率25〜30%の状態であり、繊維飽和点以下になると乾燥収縮が起こる。","④人工乾燥には、木材に蒸気を当てて乾燥させる蒸気式や、高周波電流を利用して木材内部を直接加熱して乾燥させる高周波式など様々な方法がある。","⑤木材の乾燥に伴う含水率の変化は、繊維方向・板目面・柾目面のどの方向においても一様に生じるため、乾燥後の寸法の変化も各方向で等しい。"
"2021","22","木材・木質材料の特性に関する次の記述のうち、最も不適切なものはどれか。","5","①木材の熱伝導率は鉄やコンクリートに比べて非常に小さく、断熱性が高い。","②木材の熱膨張係数（線膨張係数）は鉄やコンクリートに比べて非常に小さいが、乾燥収縮が起こるため、実際の構造物においては温度変化に伴う寸法変化には注意が必要である。","③木材の比強度（単位重量当たりの強度）は、一般的に鉄やコンクリートと比べると同等あるいはそれ以上とも言われており、建築構造材として有利な特性を持っている。","④木材の防腐処理は、木材防腐剤（クレオソート油等）を木材に浸透させることで木材腐朽菌の繁殖を抑制し、木材の耐朽性を向上させる処理であり、適切な防腐処理を施した木材は屋外での耐用年数が飛躍的に向上する。","⑤加熱によって木材表面が炭化すると、燃焼が急激に進行するため、木材はコンクリート等と比較して火災時に構造体としての耐力を急激に失いやすい特性を持つ。"
"2021","23","外来種問題に関する次の記述のうち、最も不適切なものはどれか。","3","①生態系等に被害を及ぼす恐れのある外来種については、「外来生物法（特定外来生物による生態系等に係る被害の防止に関する法律）」に基づき指定・規制されている。","②外来種の問題は動物のみならず植物でも問題となっており、ブラジルチドメグサ、オオカワヂシャ、ボタンウキクサ等が特定外来生物に指定されている。","③外来種の導入が起きると、在来種との種間競争が生じることがあるが、外来種が在来種を駆逐して生態系を大きく変えることは、一般に難しいとされている。","④我が国の侵略的外来種として問題となっているアライグマは北米原産の動物であり、農産物等への被害が深刻化しているため、特定外来生物に指定されている。","⑤ヒアリは特定外来生物に指定されており、強い毒性と攻撃性があり、生態系への被害のみならず人への健康被害（重篤な場合は死亡することもある）も懸念される外来生物である。"
"2021","24","野生鳥獣の保護と管理に関する次の記述のうち、最も不適切なものはどれか。","4","①鳥獣の保護及び管理並びに狩猟の適正化に関する法律（鳥獣保護管理法）において、鳥獣の捕獲等は原則禁止されており、捕獲等をするには、農林水産大臣又は都道府県知事の許可が必要である。","②農林業被害への対応として、市町村鳥獣被害防止計画の策定、被害防止施設の設置や捕獲等を行う「鳥獣被害防止特措法」に基づく対策が進められている。","③ニホンジカの個体数は増加が続いており、近年では、農林業被害が大きな問題となっているほか、ニホンジカが植生をはじめとする生態系への深刻な被害をもたらすことも懸念されている。","④指定管理鳥獣（ニホンジカ・イノシシ）の捕獲に対する国の財政支援において、「認定鳥獣捕獲等事業者」は活動ができないため、地域の猟友会や捕獲隊の活動が中心となっている。","⑤ニホンザル、シカ、イノシシ、クマ等の野生鳥獣による農林業被害は、近年被害金額が200億円前後で推移しており、農業被害のみならず、林業被害も大きな問題となっている。"
"2021","25","生物多様性に関する次の記述のうち、最も不適切なものはどれか。","2","①生物多様性は「種内の遺伝的多様性」「種の多様性」「生態系の多様性」の3つの側面からなり、これら全ての多様性を保全していくことが重要とされている。","②生物多様性条約は2010年に名古屋において第10回締約国会議（COP10）が開催され、「名古屋議定書」が採択されたが、日本はまだこの条約を批准していない。","③生物多様性の損失要因は、「生息地の破壊・改変」「乱獲」「外来種・病気の侵入」「地球温暖化等の気候変動」と整理されている。","④世界の生物多様性の保全を目的として設立された機関として、「生物多様性に関する政府間科学政策プラットフォーム（IPBES）」が2012年に設立されている。","⑤里山は、農林業などの人間活動が地域の自然環境に深く影響を与えることで形成されており、その適切な管理が途絶えると生物多様性が失われる恐れがある。"
"2021","26","森林生態系に関する次の記述のうち、最も不適切なものはどれか。","2","①森林の成長（遷移）は、一般的に草原→低木林→陽樹林→陰樹林（→極相）という過程をたどるとされており、最終段階の極相においては安定した森林（極相林）が形成される。","②陽樹は、強光のもとでの光合成速度が低くなるため、弱光条件でも成長できる一方、陰樹は強光下でのみ成長が可能であるという特性がある。","③森林生態系の物質生産として、樹木が光合成によって同化した有機物量から、呼吸によって消費した有機物量を差し引いた値を純一次生産量（NPP）という。","④森林生態系の物質循環において、有機物から無機物への分解（リターの分解）はおもに微生物によって担われており、特に土壌中の細菌・菌根菌・腐生菌類等がこの分解に深く関与している。","⑤植物の生活様式の進化の観点から、古い植物（花被のない裸子植物のシダ・コケ類）から新しい植物（被子植物）への変化が遷移の過程として現れるとする「生態学的遷移」理論がある。"
"2021","27","森林における野生生物の生態に関する次の記述のうち、最も不適切なものはどれか。","3","①ヤマネ（ニホンヤマネ）は、夏に堅果類（ドングリ等）を食べ脂肪を蓄え、10月頃から春まで冬眠する。全身柔らかく毛で覆われ、尾の先だけに黒い筋がある小型の哺乳類である。","②ニホンカモシカは、ウシ目（偶蹄目）ウシ科の動物で、国の特別天然記念物に指定されている。角は雌雄ともに存在し、枝分かれしない一本角であることが特徴である。","③ニホンオオカミは、ニホン固有種であり、江戸時代に食肉目（ネコ目）イヌ科の動物として生息が確認されていたが、明治末期ごろに絶滅したとされている。ニホンオオカミの絶滅原因として、家畜への被害（農業被害も含む）対策としての駆除と、狂犬病などの疾病が挙げられる。ただし「ニホンオオカミは現在も生存している」という説もある。","④ヒグマは、本州以南には生息せず、北海道のみに生息するクマ科の野生動物（ニホンクマ属）である。北海道に生息するヒグマのの体重は概ね100〜500kgで、主に草食性だが、雑食性でもある。","⑤ニホンイノシシは、ブタと同じイノシシ属に属する野生動物で、全国に生息しており、本来は山地から平野まで広く生息している。体毛は剛毛で暗褐色を呈し、背面の色が腹面より薄い。"
"2021","28","日本の天然記念物（主に森林に関するもの）に関する次の記述のうち、最も不適切なものはどれか。","5","①「天然記念物」とは、文化財保護法に基づき指定される文化財の一種で、動物、植物、地質・鉱物などのうち学術上価値の高いものが指定される。","②屋久島にある「縄文杉」は、実際の樹齢には諸説あるが、7,000年以上とする推定もあり、世界最古の木とも言われることがある。縄文杉は現在、天然記念物に指定されている。","③「春日山原始林」（奈良県）は、奈良時代から禁伐区域として保護されており、多くの野生生物が生息している。世界遺産「古都奈良の文化財」の構成資産の一つであり、天然記念物にも指定されている。","④北海道東部に位置する「霧多布湿原」は、北海道内最大の湿原で広大な湿地帯に多様な湿生植物群落が分布しており、ラムサール条約登録地・天然記念物に指定されている。","⑤「屋久島スギ原始林」（鹿児島県）は、天然記念物に指定されているほか、1993年にユネスコの世界自然遺産に登録されており、特別天然記念物にも指定されている。"
"2021","29","水文・水資源に関する次の記述のうち、最も不適切なものはどれか。","4","①水文循環において、地球上の水は海・陸地・大気の間を蒸発・降水・流出等のプロセスにより循環し、地球の水の総量の約97.5%は海洋に存在している。","②世界の水資源のうち、淡水は約2.5%であるが、その多くは氷河や地下水として存在するため、人間が比較的容易に利用できる河川や湖沼の水は淡水全体の1%にも満たない。","③日本の年降水量は世界平均の約2倍であるが、人口一人当たりの降水量は世界平均の約1/3程度と少なく、水資源は必ずしも豊富とは言えない。","④森林からの蒸発散量を算出する場合に利用するペンマン式は、実蒸発散量を直接計算するために開発された式であり、積雪がない時期であればどのような土地利用条件においても正確な蒸発散量を計算できる。","⑤山地流域の水収支において、年間の蒸発散量（E）＝年間降水量（P）−年間流出量（Q）として求めることができる。"
"2021","30","森林水文・緑地環境に関する次の記述のうち、最も不適切なものはどれか。","3","①山地流域の河川水量について、梅雨などの長雨や台風等の強雨の後は増大し、降雨後の快晴が続くと河川水量は減少するが、地下水が補給されることにより直ちにゼロになることはない。","②土石流は、一般に渓流の勾配が急な山地源流部（20°以上）において発生し、水と土砂・流木等が一体となって高速で流下するため、下流での被害が大きい。","③土壌浸食（雨滴侵食と流水侵食）を抑制するためには、雨滴を受け止め地表を覆う樹木の樹冠を保持・回復することが最も重要であり、樹木の根系の保持は雨滴侵食の防止に寄与しない。","④花崗岩地帯では土壌生成速度が遅い（土壌が薄い）ため、大雨時に表層崩壊（山崩れ）が起こりやすく、また高温乾燥下では花崗岩の風化が進むことでマサと呼ばれる砂礫状の土壌が形成される。","⑤蒸発散量の算出方法として、対象地に設置した蒸発散計での計測値を利用する方法と、水収支から推定する方法等がある。"
"2021","31","林業の採算性に関する次の記述のうち、最も不適切なものはどれか。","5","①林業の収益は、素材（丸太）の価格から製材費・輸送費等を差し引いた部分が山元立木価格として帰属するため、伐採コストの削減が林業収益の改善に直接的に貢献する。","②林業の採算性を考える上で重要な林業利回りとは、造林・保育・伐採に投じたコストの回収に必要な収益率を意味しており、造林費と素材価格の水準が大きく影響する。","③林業の収益性は林分の成立状況や立地条件によって異なり、急傾斜地や高標高地では作業コストが高くなるため、採算がとりにくくなる傾向がある。","④山元立木価格が低下すると林業経営体の採算が悪化し、必要な施業が実施されない「管理放棄」につながる可能性があり、これが林業の採算性悪化の負のサイクルを形成する。","⑤大規模な林業経営体は小規模な経営体と比べて、路網・機械化への大規模投資が可能であることから、どのような立地・条件においても採算がとれることが経営上の強みである。"
"2021","32","森林の測定に関する次の記述のうち、最も不適切なものはどれか。","1","①胸高直径とは、根元から1.2mの位置での直径のことをいい、テープ尺を使って周囲長（幹周）を測定し、π（円周率）で除することで計算できる。","②樹高とは、樹木の根元（地際）から梢端（先端）までの鉛直高のことで、傾斜地では測定地点の水平距離と仰角・俯角から測定することができる。","③材積（幹材積）の推定には、一般に直径と樹高を用いた材積表や材積算出式を利用することが多く、胸高直径（D）と樹高（H）に形数（f）を乗じた材積算出式（V=π/4×D²×H×f）が代表的なものの一つである。","④立木の本数を調査する方法として、固定プロット法のほか、計測点から立木までの距離に応じて選木確率が変わる「バウム法（Bitterlich法）」などがある。","⑤単位面積当たりの材積（林分蓄積）は、調査プロット内の各立木の材積の合計をプロット面積で除することで得られる。"
"2021","33","施業・経営計画に関する次の記述のうち、最も不適切なものはどれか。","3","①森林経営計画は、森林法に基づいて策定が求められるものであり、計画期間は5年間で市町村長の認定を受ける必要がある。","②森林経営計画を作成した場合に受けられる支援として、経営計画対象森林の間伐・造林等に係る補助率の割増や、固定資産税の課税標準の特例が受けられるほか、分収造林契約の特例を受けることができる。","③森林経営計画は、自己所有の森林のみを対象として作成することとされており、委託等による他者所有の森林は対象に含めることができない。","④区域内の森林の所在する市町村の区域を超えて300ha以上の森林を対象として森林経営計画を作成する場合は、都道府県知事の認定を受ける必要がある。","⑤作業プログラムとは、経営体の業務遂行手順を定めたものであり、毎年度の施業計画を記した年度施業計画と、中長期的な方針を記した中長期施業計画から構成される。"
"2021","34","木材流通に関する次の記述のうち、最も不適切なものはどれか。","2","①木材の流通経路は大きく木材市場経由と工場直送（市場外流通）に分けられ、近年は素材の市場外流通の割合が拡大している。","②我が国の木材の輸入は、1960年代以降急速に拡大し、2002年（平成14年）には木材自給率が最低の約19%にまで落ち込んだが、その後、2019年（令和元年）に約37%にまで回復し、現在では輸入材よりも国産材の使用量が多くなっている。","③流通の合理化や木材価格の安定等を目的として、製材工場・合板工場等が素材の安定確保のために丸太の直送契約を林業事業体等と結ぶ事例が増えている。","④木材の供給量は、年間を通じて一定ではなく、降雪地域では冬季の伐採作業や搬出作業が困難になるなど、季節によって変動する傾向がある。","⑤木材の価格は、需給バランスや品質によって変動し、近年では住宅着工数の変動や外国産木材（輸入材）の価格動向が国内木材価格に大きな影響を与えている。"
"2021","35","木材産業に関する次の記述のうち、最も不適切なものはどれか。","4","①製材品の主な用途は住宅部材・建築材料であり、スギやヒノキ等の針葉樹材が中心的に使用されている。","②合板は、丸太から薄くむいた単板（ベニヤ）を奇数枚、繊維方向が直交するように積層・接着して製造されており、均一な強度と寸法安定性が特徴である。","③木質バイオマスエネルギーとして、製材端材・林地残材・廃木材等のバイオマスを直接燃焼、あるいはチップや木質ペレットなどに加工して燃料として利用する方法がある。","④日本の木材産業において、大手製材メーカーや合板メーカーによる大型製材工場や合板工場の整備が進み、2019年（令和元年）現在では全国の製材工場の多くが1日当たり原木消費量100m3以上の大型工場となっている。","⑤木材チップは、ペーパーリサイクルや木質ペレット・バイオマス発電等の燃料として利用されているほか、近年ではマテリアル利用として木質ボード（MDF・パーティクルボード等）の原料にも利用されている。"
"2022","1","森林・林業基本計画（令和3年（2021年）5月）の「森林及び林業に関する施策についての基本的な方針」に関する次の記述のうち、最も不適切なものはどれか。","1","①本計画では、木材需要については、平成27（2015）年の木材需要量を下回らないよう需要の拡大を図るとしている。","②森林経営管理制度においては、適切な森林経営が行われていない、いわゆる「手入れ不足人工林」などを対象に、市町村が仲介役となって林業経営者と結びつける仕組みを設けることとしている。","③我が国の食料・農業・農村基本計画では、林業においても担い手の育成・確保に取り組む必要があるとの認識の下、新規就業者数1万人を確保するための施策を記載している。","④最近の木材自給率の向上に関して、平成27（2015）年から令和元（2019）年にかけて木材自給率が30%台から30%を超える水準で推移していることを踏まえ、木材自給率40%を目指すとしている。","⑤クリーンウッド法（合法伐採木材等の流通及び利用の促進に関する法律）に基づく取組を着実に進めるとしている。"
"2022","2","森林経営計画に関する次の記述のうち、最も不適切なものはどれか。","4","①森林経営計画は、5年を1期として作成される。","②森林経営管理制度においては、適切な森林経営が行われていない森林経営計画が認定されていない林地について、市町村が林業経営者への集積・集約化の仲介を行うこととしている。","③森林経営計画は、市町村長の認定を受けることで、補助事業の対象となったり、立木の伐採届出が不要になったりする。","④森林経営計画では、開始時の計画作成対象森林について、樹種及び林齢の記載は不要であり、面積のみ記載することとなっている。","⑤森林経営計画では、植栽による造林、下刈り等の保育、間伐等について、作業種及び作業量の記載が必要である。"
"2022","3","森林土壌に関する次の記述のうち、最も不適切なものはどれか。","3","①日本の森林土壌の多くは、火山灰や砂岩泥岩などの分解されやすい岩石が母材となっており、有機物が分解されてできた腐植と混合した層が土壌の表面に発達している。","②褐色森林土（Bd）は、全国の森林土壌の中で最も広く分布している土壌型であり、腐植に富む有機鉱質土層（A層）の下に、褐色を帯びた風化鉱質土層（Bw層）が発達しているのが特徴である。","③ポドゾル（P）は、スギ、ヒノキなどの針葉樹が優占する亜寒帯の森林などに広く分布する土壌型である。","④グライ土（G）は、地下水位が高い低地などに分布し、土壌の大部分が常に水分で飽和して酸素が欠乏し、青灰色を帯びていることが特徴である。","⑤腐植は、一般に分解が進むにつれてフルボ酸腐植からフミン酸腐植へと移行するといわれている。"
"2022","4","マルチキャビティトレイの内容積が60mL以上の大型の容器を使用するコンテナ苗に関する次の記述のうち、最も不適切なものはどれか。","2","①苗の仕上がり時に根系が容器の形状に合わせて成形され、根鉢が形成されることにより、植付け後の活着率が高い。","②大型コンテナ苗は、育苗期間が2〜3年と長いが、通常のコンテナ苗（小型コンテナ苗）と比較して植栽コストを大幅に削減できるという利点がある。","③大型コンテナ苗には、サーキュレーション式の灌水システムが用いられることがある。","④大型コンテナ苗は、根系が充実しているため、成長が早く下刈り回数を削減できるという利点がある。","⑤大型コンテナ苗では、培土として、ピートモス、バーミキュライト等を配合したものが使用されることがある。"
"2022","5","林分材積の推定に関する次の記述の□に入る語句及び数値の組合せとして、適切なものはどれか。 林分材積は、次の式により推定することができる。 V（ha当たり林分材積）＝G（ha当たり胸高断面積合計）×H（林分平均樹高） ×F（林分□ア□） ここで、G（ha当たり胸高断面積合計）は、□イ□により求めることができる。すなわち、林内の標本点からシュピーゲルレラスコープなどによって周囲の立木の胸高位置を視準し、あらかじめ定められた幅k（断面積定数）のスリットより□ウ□立木数nをカウント（スリット幅と同じ太さの立木は0.5本）すると、 G＝n×k となる。 また、H（林分平均樹高）は、測定点付近の数本の樹高を実測して平均する方法や定角測高法などから求めることができる。 F（林分□ア□）は、□エ□位の数値を適宜用いたり、単木の□ア□を利用する方法（樹種別樹高胸高の□ア□表の利用）などから求めることができる。","5","①形状比　ビッターリッヒ法　太い　0.45〜0.55","②形状比　ビッターリッヒ法　細い　0.70〜0.80","③形状比　カメラルタキセ法　細い　0.45〜0.55","④胸高形数　カメラルタキセ法　太い　0.70〜0.80","⑤胸高形数　ビッターリッヒ法　太い　0.45〜0.55"
"2022","6","我が国の木材需要に関する次の記述のうち、最も不適切なものはどれか。","5","①木材需要量は、平成14（2002）年の約1億㎥をピークに減少し、その後2020年は約8,000万㎥となっている。","②製材用材の需要量は、平成元（1989）年の約4,400万㎥をピークに現在は約1,700万㎥程度まで減少している。","③合板用材の需要量は、減少と増加を繰り返し、近年は約1,000万㎥程度となっている。","④パルプ・チップ用材の需要量は、約3,000万㎥程度で推移している。","⑤燃料材の需要量は、2010年から現在にかけて大幅に増加し、2020年では約2,000万㎥となっている。"
"2022","7","森林の火入れに関する次の記述のうち、最も不適切なものはどれか。","2","①火入れとは、農業・林業等を営むために行われる野焼きのことであり、森林法において、都道府県知事の許可を受けなければ、森林において火入れをしてはならないとされている。","②火入れの許可基準として、気象条件（風速、湿度等）については規定されていない。","③林業での火入れの目的は、地拵えした後の造林地等に残った枝条などを火入れで焼くことで、植栽後の苗木の成長を促すことにある。","④農業での火入れの目的は、雑草の焼却による除草や病害虫駆除、あるいは草地や採草地の維持管理などである。","⑤火入れは過去に山火事の原因となることもあったが、近年は山火事の主な原因は火入れよりもたき火等によるものの方が多い。"
"2022","8","森林の生産量に関する次の記述のうち、最も不適切なものはどれか。","3","①純一次生産量（NPP）とは、植物が光合成によって生産した有機物量（総一次生産量）から植物自身の呼吸によって消費された有機物量を引いたものである。","②森林の純一次生産量は、熱帯林や温帯林において高く、寒帯林において低い傾向がある。","③熱帯雨林における純一次生産量は、主要な森林タイプの中で最も高く、1年間にha当たり約40〜60tを超えることが多い。","④一般的に、同一地域において比較した場合、常緑広葉樹林に比べて落葉広葉樹林では純一次生産量が低くなる傾向がある。","⑤林床植生の純一次生産量は、一般的に、林冠の光透過量が大きいほど増加する。"
"2022","9","森林病害に関する次の記述のうち、最も不適切なものはどれか。","3","①松くい虫とは、マツ材線虫病の通称であり、マツノザイセンチュウが原因生物である。","②一般的に同一地域において比較した場合、常緑広葉樹林に比べて落葉広葉樹林では純一次生産量が低くなる傾向がある。","③ナラ枯れは、カシノナガキクイムシが穿入して媒介するナラ菌（Raffaelea quercivora）による伝染病であり、コナラやミズナラなどのブナ科樹木が被害を受けるが、カシ類は被害を受けにくい傾向がある。","④スギやヒノキに発生するスギ・ヒノキ炭疽病は、炭疽病菌が雨滴等によって伝播することで感染が広がる。","⑤あまびこ病（溝腐病）は、ファイトプラズマが媒介昆虫のヒシモンヨコバイによって媒介されることで発生する。"
"2022","10","森林内の水に関する次の記述のうち、最も不適切なものはどれか。","1","①樹幹流は、雨天時に幹を伝わって地面に達する雨水のことであり、一般的に、幹の傾きが大きいほど、また葉の枚数が多い樹種ほど樹幹流量が多い傾向がある。","②遮断蒸発は、樹冠に貯留した水が蒸発することであり、熱帯雨林では年降水量の約20〜25%に達するとされ、落葉樹に比べて常緑樹の方が一般に遮断蒸発量が多い傾向がある。","③蒸散は、植物体内の水が水蒸気として大気中に放出される現象であり、主に気孔から行われる。","④林内雨量は、林外の降水量より少なく、その差（遮断量）は樹種や樹冠の密度によって異なる。","⑤林床に落下した雨水は、一部が地面の表面を流れ（表面流）、残りが浸透して土壌内を流れる（中間流）か、または地下水涵養（深部浸透）となる。"
"2022","11","森林における炭素循環に関する次の記述のうち、最も不適切なものはどれか。","3","①国内の温室効果ガス排出・吸収目録（インベントリ）の森林分野における炭素吸収量は、京都議定書に定められた方法論に基づき、幹材積の成長に係る炭素量から計算される。","②森林の炭素蓄積量は、各炭素プール（生きているバイオマス、死んでいる有機物（枯死木及び落葉落枝）、土壌有機物）の合計で表される。","③林野の土壌（林地土壌）に蓄積されている炭素量は、植生に蓄積されている炭素量よりも少ないと推定されている。","④林野の土壌（林地土壌）に蓄積されている炭素量は、植生に蓄積されている炭素量より多いと推定されている。","⑤木質バイオマスエネルギーは、燃焼する際に二酸化炭素を排出するが、木材が成長する段階で大気中の二酸化炭素を吸収するため、カーボンニュートラルと見なされている。"
"2022","12","森林に関する次の記述のうち、最も不適切なものはどれか。","2","①世界全体の森林面積は、約40億haであり、陸地面積の約31%に相当する。","②世界の森林のうち、最も面積が大きいのは南米（熱帯雨林）であり、次にアフリカ、欧州・中央アジア（ロシアなど）の順に続く。","③我が国の国土面積は、約3,780万haであり、そのうち森林面積が占める割合は約66%で、先進国の中でも森林率が高い部類に属する。","④ボトムアップ型の森林管理（参加型森林管理）とは、地域住民が森林の管理・利用に参画する仕組みであり、住民の生計向上、環境保全、ガバナンスの強化などの面でメリットがある。","⑤FSC（Forest Stewardship Council）やPEFC（Programme for the Endorsement of Forest Certification）は、持続可能な森林管理を推進するための森林認証の国際的な枠組みの例である。"
"2022","13","木材の乾燥に関する次の記述のうち、最も不適切なものはどれか。","1","①含水率が繊維飽和点以下となると、木材は収縮する。含水率が繊維飽和点以上（生材）の状態から乾燥するとき、含水率30%前後までの乾燥には多くの時間を要する。","②人工乾燥させることにより、仕上がり寸法の安定化が期待でき、強度の向上にもつながる。","③木材を天然乾燥する場合、丸太よりも製材した木材の方が乾燥が早い。","④木材の含水率は、乾燥前後の重量の差を乾燥後重量（全乾重量）で除して100を掛けることにより求められる。","⑤木材の乾燥においては、心材よりも辺材の方が乾燥が早い。"
"2022","14","木材の材質及び加工品に関する次の記述のうち、最も不適切なものはどれか。","5","①木材は、長さ方向（繊維方向）の強度（引張、圧縮、曲げ）は高いが、幅方向（繊維に直交する方向）の強度は低い。","②集成材は、接着剤で複数の木材を積層接着した製品であり、欠点が分散される効果により、強度のばらつきが少なく均質な製品が得られる。","③CLT（直交集成板）は、ひき板（ラミナ）を繊維方向が直交するように積層接着した板状の製品である。","④LVL（単板積層材）は、薄くはいだ単板を繊維方向を揃えて積層接着した製品である。","⑤合板は、薄い単板を繊維方向が平行になるよう積層接着した製品であり、単板の積層数は奇数に限られる。"
"2022","15","木材の物理的性質に関する次の記述のうち、最も不適切なものはどれか。","3","①木材の気乾比重（気乾密度）は、一般的に、針葉樹に比べて広葉樹の方が大きい傾向がある。","②木材の繊維飽和点とは、細胞腔内に自由水がなく、細胞壁中の結合水だけが飽和した状態のことである。","③木材は、繊維飽和点以下の状態において、含水率が増えるにつれて木材の強度は増加する。","④木材の熱伝導率は、コンクリートや鉄に比べてかなり小さい。","⑤木材は、電気絶縁性が高い材料であり、含水率が低いほど電気抵抗が大きくなる。"
"2022","16","山地防災に関する次の記述のうち、最も不適切なものはどれか。","4","①山地災害とは、山腹崩壊や地すべりなどによる土砂の移動によって引き起こされる被害であり、山地から渓流・河川を経て下流域の扇状地や平野部において被害をもたらすこともある。","②山腹崩壊は、豪雨や地震によって引き起こされることが多く、崩壊のしやすさは、岩質・地質・地形・気候・植生・土地利用など様々な要因によって異なる。","③地すべりは、地盤の内部に弱面が形成され、比較的ゆっくりとした速度で土塊が移動する現象であり、一般的に移動する土塊の規模が大きい。","④土石流とは、渓流などにおいて比較的大きな礫が転がりながら移動する現象であり、急勾配の渓流では発生しやすいが、下流に近いゆるやかな傾斜地では発生しない。","⑤山地防災対策としては、治山ダムや山腹工など治山施設の整備に加え、森林の適切な管理や保全が重要である。"
"2022","17","水土保全機能を発揮させる森林整備に関する次の記述のうち、最も不適切なものはどれか。","4","①針広混交林は、単一樹種からなる純林に比べて、風害・雪害・病虫害に対して強い傾向があるため、水土保全機能の発揮には有利とされる。","②根系の深い樹種の混植は、土壌を深くまで緊縛する効果があり、表層崩壊の防止に有効とされる。","③下層植生（草本類・低木等）は、根系による緊縛効果が弱いため、斜面安定には寄与しない。","④択伐施業によって林分内に異なる樹高の樹木が混在する不整齢（異齢）林が形成された場合、整齢林よりも降雨の遮断量が大きくなる傾向がある。","⑤長伐期施業は、大径木化によって一般的に根系の発達を促すため、皆伐後に行われる更新作業と比較して、斜面安定に貢献すると考えられている。"
"2022","18","治山に関する次の記述のうち、最も不適切なものはどれか。","3","①治山事業は、地すべりや山腹崩壊、土石流などの山地災害から国民の生命・財産を保護するとともに、水源の涵養・保全など国土の保全・水源の確保を目的として実施する事業であり、主に都道府県が実施する。","②保安林は、水源涵養、土砂流出防備、土砂崩壊防備などを目的として、農林水産大臣又は都道府県知事が指定し、伐採制限などの行為制限が設けられている。","③地すべり防止法及び急傾斜地法は、国土交通省が主管する法律であり、治山事業とは直接の関連がない。","④保安林整備計画は、農林水産大臣が全国保安林整備計画に基づいて、都道府県ごとに樹立する計画であり、保安林として整備すべき地域・区域などについて定めるものである。","⑤砂防事業は、砂防法に基づき、砂防ダムの建設や渓流への砂防堰堤などの設置により、土砂の流出を防ぐ事業であり、主に国土交通省が管轄している。"
"2022","19","植物生態学の用語に関する次の記述のうち、最も不適切なものはどれか。","2","①優占種とは、ある植物群落において、数量や被度（カバー率）の点で他の種に比べて圧倒的に多い種のことをいう。","②ギャップとは、植物群落の遷移において、植物群落が成熟して最終的に安定した状態に達した群落のことをいう。","③フェノロジー（生物季節）とは、春の開葉・開花、秋の落葉・紅葉などの植物の季節的な変化と気象・気候変動との関係を研究する分野のことをいう。","④植物相（フロラ）とは、ある地域に生育している植物種の総体のことをいう。","⑤林分構造とは、森林を構成する樹木の樹高・胸高直径・材積などの分布状態のことをいう。"
"2022","20","森林の遷移に関する次の記述のうち、最も不適切なものはどれか。","2","①一次遷移とは、裸地や湖沼などの植物がほとんど存在しない場所から始まる遷移であり、火山噴火後の溶岩上や砂丘などでみられる。","②極相林では種の多様性は低く、単一種で構成される場合がほとんどである。","③日本の多くの地域では、遷移の極相（クライマックス）は落葉広葉樹林であるが、西南日本では常緑広葉樹林（照葉樹林）になる場合が多い。","④二次遷移とは、撹乱（伐採・山火事・耕作地の放棄等）を受けた場所から始まる遷移であり、一次遷移に比べて進行が早い。","⑤パイオニア植物とは、裸地や撹乱後の土地など、厳しい環境のところに最初に侵入し定着する植物のことである。"
"2022","21","気候変動が森林に与える影響に関する次の記述のうち、最も不適切なものはどれか。","1","①気候変動の影響により、北日本を中心として日本各地でナラ枯れ、マツ枯れなどの虫害・病害の被害が拡大しているが、スギ人工林においては病虫害の被害はほとんど見られない。","②温暖化による気温上昇に伴い、主要な樹種の分布域が変化し、ブナなどの冷温帯の樹種では分布域が縮小する恐れがある。","③IPCC（気候変動に関する政府間パネル）の報告書によると、森林生態系のサービスは気候変動の影響で大きく変化すると予測されており、降水パターンの変化による干ばつの頻発・激化などの影響が懸念されている。","④大気中の二酸化炭素濃度の上昇により、光合成が促進され、森林の成長が促進される可能性がある一方、高温や乾燥のストレスにより成長が抑制される場合もある。","⑤近年、気候変動の影響により、日本各地で大雨・洪水の頻度が高まる傾向にあり、山地災害の発生リスクが高まっているとされる。"
"2022","22","CAMERA（カメラ）に関する次の記述のうち、最も不適切なものはどれか。","2","①サーモカメラ（赤外線カメラ）は、物体の表面温度による赤外線放射を検出し、温度分布を画像化する機器であり、夜間や煙が充満した場所での調査にも利用できる。","②ドローン（UAV）に搭載したカメラは、計画的に垂直撮影することで、空中写真測量（フォトグラメトリ）に用いることができ、2次元の平面地図と3次元モデルを作成することができるが、地上点（GCP）を設置しなくても高精度の測量ができる。","③サーモカメラ（赤外線カメラ）は、森林の蒸散活性などの解析に活用できる。","④森林のバイオマス量の推定においては、光学センサーを搭載した人工衛星データを利用することができる。","⑤LiDAR（Light Detection And Ranging）は、レーザー光を照射し、物体からの反射光の飛行時間から距離を測定する技術であり、森林の樹高や地形のデータ取得に利用されている。"
"2022","23","木材の化学成分に関する次の記述のうち、最も不適切なものはどれか。","3","①木材の主要な化学成分は、セルロース、ヘミセルロース、リグニンであり、これらを合わせた割合は木材の乾燥重量の90〜95%程度を占める。","②セルロースは、β-1,4-グルコシド結合によりグルコースが直鎖状に連なった多糖類であり、植物細胞壁の主要な構成成分である。","③リグニンは、多糖類の一種であり、フェルラ酸などの前駆体から合成される。","④ヘミセルロースは、セルロースと共に植物細胞壁を構成する多糖類の総称であり、セルロースとは異なり、分岐構造を持つ。","⑤抽出成分（エキストラクティブ）とは、水や有機溶剤で抽出できる低分子化合物の総称であり、樹脂、タンニン、色素などが含まれる。"
"2022","24","ウッドデザイン賞に関する次の記述のうち、最も不適切なものはどれか。","4","①ウッドデザイン賞は、木の良さや価値を再発見させるモノや取組などを表彰する顕彰制度である。","②ウッドデザイン賞は、林野庁の支援のもとウッドデザイン賞運営事務局が主催している。","③ウッドデザイン賞の審査は、機能、素材・環境、デザイン、コミュニケーションの観点などから行われる。","④ウッドデザイン賞には、建築・空間部門、インテリア・日用品部門、素材・建材部門等の部門が設けられており、製品・サービスの応募のみが対象となっている。","⑤ウッドデザイン賞では、特に優れたものについて、農林水産大臣賞や林野庁長官賞などが授与される。"
"2022","25","令和2年（2020）年「森林・林業白書」（農林水産省）に関する次の記述のうち、最も不適切なものはどれか。","1","①令和2年白書によると、林業産出額のうち最も多くを占めるのは特用林産物（きのこ類等）であり、次いで木材生産が多く、また木材生産のうちでは素材生産額が最も多い。","②令和2年白書によると、杉（スギ）は日本の人工林において最も面積が大きい樹種である。","③令和2年白書によると、木材価格（スギ正角）は、昭和55（1980）年頃をピークに長期的に低下傾向にある。","④令和2年白書によると、年間の林業労働者数（雇用者数）は減少傾向にあるが、近年では若い世代の新規就業者も増加してきている。","⑤令和2年白書によると、国産材の製材工場の工場数は減少しているが、1工場当たりの処理能力は向上している。"
"2022","26","令和2（2020）年「森林・林業白書」及び「令和3年度 森林及び林業の動向」（農林水産省）に基づく森林・林業の動向に関する次の記述のうち、最も不適切なものはどれか。","2","①令和元（2019）年の木材輸入量は、近年横ばいで推移してきた丸太輸入量が減少傾向となるなか、製材品・合板等の木材製品の輸入量は増加している。","②我が国の木材自給率は、平成14（2002）年から令和元（2019）年にかけて一貫して増加してきており、令和元（2019）年では約60%となっている。","③我が国の森林蓄積は増加を続けており、令和2（2020）年の森林蓄積は約52億㎥となっている。","④森林経営管理制度に基づいて、令和元（2019）年度から令和2（2020）年度にかけて、市町村による意向調査が実施されている。","⑤路網整備については、林道・林業専用道・作業道を合わせた総延長は増加傾向にあるが、1ha当たりの路網密度は欧州各国に比べて低い水準にある。"
"2022","27","令和3（2021）年の森林・林業基本計画に関する次の記述のうち、最も不適切なものはどれか。","1","①令和3（2021）年に改定された森林・林業基本計画では、令和12（2030）年における森林吸収量の目標を4,800万CO2トンに設定している。","②本計画では、「担い手の育成・確保」として、林業への新規就業者数を年間7,000人確保することを目標としている。","③本計画では、「木材等の利用拡大と循環型林業の構築」として、木造住宅・木質化の推進や、CLTや木質バイオマス等の木材利用の拡大が掲げられている。","④本計画では、水源涵養、山地災害防止・土壌保全など、公益的機能の発揮を目指した保安林などの整備・保全が掲げられている。","⑤本計画では、スマート林業（ICTや自動化技術等の活用）の推進についても言及されており、ドローン・AIなどの技術の導入が促進されている。"
"2022","28","木材の熱利用及び熱化学変換に関する次の記述のうち、最も不適切なものはどれか。","5","①木材を原料としたバイオマスエネルギーは、化石燃料に比べてCO2排出の点でカーボンニュートラルと見なされている。","②熱化学変換の方法には、燃焼、ガス化、炭化などがある。","③ペレット（木質ペレット）は、おがくずや木材の端材を圧縮成形した木質固形燃料であり、暖房用や発電用として利用されている。","④木質バイオマスを用いた発電は、直接燃焼によるものが主流であり、熱と電力を同時に生産するコジェネレーションシステムも導入されている。","⑤木材を乾留（炭化）すると木炭や木タール、木酢液などが生成されるが、木炭の収率は原料木材の重量の約70〜80%である。"
"2022","29","木材の化学的利用に関する次の記述のうち、最も不適切なものはどれか。","1","①セルロースナノファイバー（CNF）は、セルロースを化学的・機械的に解繊して製造されるナノスケールの繊維であり、鉄の約5倍の比強度を持つとされ、樹脂などへの複合材料として自動車部品や食品包材などの用途が研究されている。","②パルプ製造においては、木材チップをアルカリや薬品で処理してリグニンを溶出・除去し、セルロースを取り出すクラフト法（硫酸塩法）が主流である。","③木材を原料とした人造繊維（レーヨン、ビスコースなど）は、木材パルプを溶解し、再生した繊維であり、衣料品や医療用品に利用されている。","④タール及びロジン（松脂・コロホニー）は、木材の蒸留・抽出によって得られる天然樹脂であり、接着剤、塗料、インクなどに利用されている。","⑤フルフラールは、ペントースを含むバイオマス（農業残渣や木材など）を酸処理することで得られる化学物質であり、溶媒や合成樹脂の原料として利用されている。"
"2022","30","木材の接合に関する次の記述のうち、最も不適切なものはどれか。","4","①釘による接合は、ラグスクリュー（ドリフトピン）などと比べて、引き抜き方向の抵抗力は小さいが、施工が簡単で広く利用されている。","②ドリフトピン（ラグスクリュー）は、棒状の金属部品を木材に打ち込んで接合する方法であり、引き抜き方向の抵抗力が大きい。","③木材の接合においては、木材の繊維方向と接合具の方向の関係により、接合部の強度が大きく変わる。","④接着剤による接合では、木材の含水率が高いほど接合強度が高くなる傾向がある。","⑤金物（プレートや角金物）などを用いたメカニカルジョイントは、木材同士を直接接触させない方法であり、木材の収縮・膨張に対応しやすい。"
"2022","31","木造建築物に関する次の記述のうち、最も不適切なものはどれか。","2","①在来軸組工法は、柱と梁などの軸組（木材の骨格）で構造体をつくる工法であり、日本伝統の工法を発展させた最も一般的な木造建築工法である。","②CLT（直交集成板）を用いた建築物は、木材の繊維方向が平行に揃った構造であり、コンクリートと比べて軽量であることが最大の利点である。","③ツーバイフォー工法（枠組壁工法）は、規格化された木材と合板などの面材で構成された枠組壁・床・屋根等のパネルで建物を支える工法である。","④木造建築物は、火災時に断面の外周部が炭化層となり、内部の木材を守る効果があるため、鉄骨造と比べて耐火性能が高い場合がある。","⑤中大規模木造建築物の普及に向けて、建築基準法の改正や関連する法令の整備が進められている。"
"2022","32","木材の防腐・防蟻処理に関する次の記述のうち、最も不適切なものはどれか。","2","①木材の腐朽は、木材腐朽菌（バシジオミセタ類等）の作用によるものであり、一般的に菌の活動が盛んになる温暖・多湿な条件下で促進される。","②防腐剤の処理方法には、加圧注入法、塗布法、浸漬法などがあるが、加圧注入法は一般的に最も薬剤の浸透が少ない方法である。","③木材防腐・防蟻処理に用いられる薬剤には、クレオソート油（木材防腐油）、有機系薬剤（ACQ等）などがある。","④シロアリによる木材被害は、特に温暖な地域で多く発生し、一般的にヤマトシロアリとイエシロアリが代表的な被害種である。","⑤天然の木材（チーク、ヒノキなど）の中には、抽出成分の作用により耐腐朽性・耐蟻性に優れるものがある。"
"2022","33","森林の公益的機能に関する次の記述のうち、最も不適切なものはどれか。","4","①森林の水源涵養機能とは、雨水を地中に浸透させ地下水として貯留したり、水質を浄化したりする機能のことであり、これにより洪水の緩和や渇水時の水量維持にも寄与する。","②森林の生物多様性保全機能とは、多様な野生生物の生息・生育環境（ハビタット）を提供する機能のことであり、特に熱帯雨林は地球上の生物多様性の保全に果たす役割が大きい。","③森林のCO2吸収・固定機能とは、光合成によって大気中のCO2を有機物として固定する機能のことであり、地球温暖化対策の観点から重要視されている。","④森林の保健・レクリエーション機能とは、人々に癒しや安らぎを提供する機能のことであり、この機能を発揮するためには、特に老齢林（原生的な森林）のみが対象となる。","⑤森林の土砂流出防止機能とは、樹木の根系が土壌を緊縛したり、落葉落枝などの有機物が表土を覆うことで、雨水による土壌侵食を防止する機能のことである。"
"2022","34","特用林産物に関する次の記述のうち、最も不適切なものはどれか。","4","①特用林産物とは、木材・薪炭以外の林産物の総称であり、食用きのこ類、山菜類、薬用植物、漆・木蝋等の工芸品原材料などが含まれる。","②食用きのこ類の中で、生産量（重量ベース）が最も多いのはエリンギである。","③漆（うるし）は、ウルシノキから採取される樹液であり、食器や工芸品の塗料として古くから利用されてきた伝統的な天然塗料である。","④竹材は、成長が非常に速く、一般の木材に比べて引張強度・圧縮強度が低い傾向にある。","⑤林野副産物（タケノコ、山菜等）の採取においては、地域の慣習や規則を遵守することが重要であり、特に保護地域（国立公園など）では採取が制限される場合がある。"
"2022","35","特用林産に関する次の記述のうち、最も不適切なものはどれか。","5","①ワサビは、気温8〜18℃が生育適温で、5℃以下で成長を停止し、湧水、地下水が豊富な場所を好む。","②キノコは、その生活様式から腐朽菌と菌根菌に分けられ、現在営利栽培の行われているのはすべて腐朽菌である。","③木炭は、200〜400m²/gの比表面積を有するために吸着性や調湿性に優れており、土壌改良用、住宅の床下湿度調整用材料などとして利用されている。","④キノダの内皮を乾燥させたものは、ベルベリンを含み胃腸薬として評価が高い。収穫は胸高直径20cm以上になる25年生以降で、内樹皮と外樹皮が剥がれやすい7月頃に剥皮する。","⑤キノコの菌床栽培は、おがくずなどを主成分とする培地で菌糸を培養する栽培法で、その菌糸の集積した菌床をほだ木と呼ぶことから、ほだ木栽培ということもある。"
"2023","1","森林・林業基本計画（令和3年）に関する次の記述のうち、最も不適切なものはどれか。","1","①本計画では、我が国の森林の役割が脅かされている状況を踏まえて、持続可能な形で「伐って、使って、植えて、育てる」という森林資源の循環利用を実現するため必要な施策を、新たな視点を踏まえて打ち出している。","②目指すべき姿として、2050年における木材需要量（製材、合板・LVL、木質バイオマスエネルギー）を令和3年時点の約1.5倍以上に増加させるという目標を設定している。","③林業の持続的発展のための施策として、林業経営の効率化と林業従事者の処遇改善を進めることを挙げている。","④生活環境の変化による木材需要の多様化に対応するため、都市部における木材利用の推進を施策として掲げている。","⑤森林の有する多面的機能の発揮を確保するために、適切な間伐などの実施により、国内の人工林の整備を推進することとしている。"
"2023","2","森林・林業基本計画（令和3年）に関する次の記述のうち、最も不適切なものはどれか。","4","①目指すべき姿として、人工林の主伐・再造林の実施により、人工林面積は将来的に、おおむね現状（約1000万ha）を維持するとしている。","②伐採と造林の一貫作業システムや低コスト造林技術の普及・定着により、再造林コストの低減を図ることとしている。","③林業従事者の確保・育成として、「緑の雇用」事業を通じた人材の確保・育成を推進することとしている。","④日本再興戦略において、国産材の自給率を2020年代に50%以上にするという目標を設定している。","⑤民有林に係る林道や作業道の整備・強化と、施業の集約化を推進することとしている。"
"2023","3","我が国の森林面積及び森林蓄積に関する次の記述のうち、最も適切なものはどれか。","2","①国土面積に占める森林面積の割合は、約50%である。","②天然林と人工林を比較すると、森林蓄積は天然林の方が多い。","③人工林においては、林齢が高くなるほど1ha当たりの蓄積が増加し、51年生以上の林分が全人工林面積の1/3以下しかない。","④人工林の樹種別面積では、カラマツが最も多く、次いでスギ、ヒノキの順となっている。","⑤天然林の蓄積量は年々減少しており、森林整備の推進が急務となっている。"
"2023","4","林業の作業システムに関する次の記述のうち、最も不適切なものはどれか。","5","①高性能林業機械とは、従来のチェーンソーや刈払い機に比べ、作業の効率化、省力化、安全性の向上等の面で優れた性能を持つ林業機械のことをいい、ハーベスタ、フォワーダ、タワーヤーダ等がある。","②車両系集材では、フォワーダやスキッダが使用され、搬出間伐や皆伐作業に活用されている。","③架線系集材では、タワーヤーダやウインチを用いた架線を張り、急傾斜地での木材搬出に活用されている。","④列状間伐とは、植栽列に沿って帯状に間伐する方法で、列状に伐採した後にその隣の列を残すなどしながら繰り返し実施する方法である。","⑤低コスト造林として、地形や植生を考慮せずに、一律に地拵え・植栽・下刈りを省略した方法が広く普及している。"
"2023","5","森林の公益的機能に関する次の記述のうち、最も不適切なものはどれか。","2","①水源涵養機能とは、森林の土壌が雨水を貯留し、河川へ緩やかに放流する機能で、洪水を緩和し渇水を防止する機能がある。","②森林の水源涵養機能では、一般的に落葉広葉樹林よりも常緑針葉樹林の方が、水の貯留効果が高い。","③山地災害防止機能とは、森林の根系により土砂の流出や崩壊を防止する機能で、保安林制度により保全されている。","④生物多様性保全機能とは、多様な生物の生息・生育の場を提供する機能で、森林施業の方法によって維持・向上が図られる。","⑤快適環境形成機能とは、森林が二酸化炭素を吸収・固定することによる地球温暖化防止への貢献のほか、大気浄化、騒音緩和などの機能がある。"
"2023","6","国際的な森林・林業に関する次の記述のうち、最も不適切なものはどれか。","5","①国連食糧農業機関（FAO）が発行した「世界森林資源評価（2020）」によると、世界の森林面積は約40億haで、地球の陸地面積の約31%を占めている。","②同報告によると、過去30年（1990年〜2020年）で世界の森林面積は減少しているが、その減少速度は緩やかになってきている。","③持続可能な森林経営を国際的に推進するための森林原則声明及びアジェンダ21は、1992年の「環境と開発に関する国連会議（地球サミット）」で採択された。","④「国連森林フォーラム（UNFF）」は、全ての種類の森林の持続可能な経営の促進などを目的として設置された政府間フォーラムである。","⑤令和3年（2021）年10月に行われたCOP26では、「グラスゴー気候合意」が採択され、森林の保護・回復・持続可能な管理に向けた「森林と土地利用に関するグラスゴー・リーダーズ宣言」について、日本を除く100カ国以上が署名した。"
"2023","7","森林の種類と分布に関する次の記述のうち、最も不適切なものはどれか。","3","①日本の森林植生の水平分布は、亜熱帯から亜寒帯まで分布しており、南から亜熱帯多雨林、照葉樹林（常緑広葉樹林）、夏緑樹林（落葉広葉樹林）、針葉樹林の順に分布する。","②日本の森林植生の垂直分布は、低地帯、山地帯、亜高山帯、高山帯に区分される。","③ブナは、我が国の水平分布において、照葉樹林帯の優占種であり、天然林に多く分布している。","④スギの天然林は、主に日本海側（多雪地帯）に分布しており、天然秋田スギ（秋田県）、天然屋久スギ（鹿児島県）などが有名である。","⑤シラビソやオオシラビソは、亜高山帯に分布する代表的な針葉樹であり、高標高地の森林を構成している。"
"2023","8","森林の構造と動態に関する次の記述のうち、最も不適切なものはどれか。","4","①森林の垂直構造は、林冠（高木層）、亜高木層、低木層、草本層、地表層（コケ層など）からなる多層構造を形成していることが多い。","②ギャップ（林冠ギャップ）とは、林冠に生じた空間のことで、倒木や枯死木により形成され、光の透過量が増加することで、林床植生の更新を促進する。","③遷移とは、植生が時間とともに変化していく過程のことで、裸地から始まる一次遷移と、植生が撹乱を受けた後に回復する二次遷移がある。","④林分の発達段階において、幹密度は林齢とともに単調に増加し続ける。","⑤老齢林（原生林）には、大径木や倒木が多く、生物多様性が高い特徴を持つことが多い。"
"2023","9","森林の成長と生産に関する次の記述のうち、最も不適切なものはどれか。","5","①樹木の成長には、直径成長（形成層による肥大成長）と高さ成長（頂端分裂組織による伸長成長）がある。","②材積成長量には、ある期間の材積の増加量を表す定期成長量と、ある1年間の増加量を表す連年成長量がある。","③間伐を適切に実施することで、残存木の成長を促進し、林分全体の材積成長を維持・向上させることができる。","④材積成長率は、林齢が若い段階では低く、成熟するにつれて高くなり、老齢になると再び低下する傾向がある。","⑤地位（サイト・インデックス）は、同じ林齢・樹種でも立地条件により変化せず、一定に保たれる指標である。"
"2023","10","森林の生態系機能に関する次の記述のうち、最も不適切なものはどれか。","1","①森林のバイオマスには、地上部のみが含まれ、地下部（根系）のバイオマスは含まれない。","②森林の一次生産量とは、植物が光合成によって有機物を生産する量のことで、総一次生産量から植物自身の呼吸量を差し引いたものを純一次生産量という。","③森林の有機炭素は、生きた植物体のほか、土壌有機物や枯死木など様々な形態で蓄積されている。","④森林の炭素固定機能は、大気中のCO₂を吸収・固定することで、地球温暖化緩和に貢献している。","⑤落葉・落枝などのリター（有機物）は、土壌微生物や土壌動物によって分解され、養分として循環している。"
"2023","11","森林の更新と造林に関する次の記述のうち、最も不適切なものはどれか。","3","①人工造林では、苗木を植栽する前に、競合植生を除去する地拵え（地ごしらえ）を行うことが一般的である。","②天然更新とは、天然に生じた種子の発芽や萌芽などにより、人工的な植栽を行わずに新しい世代の樹木を育成させることである。","③スギやヒノキの人工林では、自然に落下した種子による天然更新（天然下種更新）が容易に成立するため、主伐後は植栽を行わずに天然更新に委ねることが標準的な方法となっている。","④下刈りは、造林木の成長を妨げる雑草木を刈り払う作業で、造林木が競合植生に打ち勝つまでの数年間継続して行われることが多い。","⑤枝打ちは、生節の形成を防ぎ、無節材の生産を目的として行われるほか、林内の光環境改善にも寄与する。"
"2023","12","森林の保護に関する次の記述のうち、最も不適切なものはどれか。","5","①松くい虫被害（マツ材線虫病）は、マツノマダラカミキリが媒介するマツノザイセンチュウの感染によって引き起こされ、感染した樹木は急速に枯死する。","②ナラ枯れは、カシノナガキクイムシが媒介するナラ菌（Raffaelea quercivora）の感染によって引き起こされ、コナラやミズナラなどが枯死する被害である。","③雪害（雪折れ・雪圧・根返り）は、積雪の多い地域でスギやヒノキなどの人工林で多く発生し、特に若い林分で被害が顕著である。","④風害（風折れ・風倒）は、台風や強風によって発生し、特に根張りの浅い土壌や地形的に風が集中しやすい場所で被害が大きい。","⑤シカやクマなどの野生動物による剥皮（樹皮剥ぎ）被害は、春から夏にかけての活動期に集中して発生し、冬期には全く発生しない。"
"2023","13","森林土壌に関する次の記述のうち、最も不適切なものはどれか。","4","①森林土壌は、有機物層（A0層）、腐植に富む表層（A層）、溶脱層（E層）、集積層（B層）、母材層（C層）などの土壌断面構造（ペドン）を持つ。","②森林土壌の種類として、日本では褐色森林土が最も広く分布している。","③土壌の物理的性質として、土性（砂、シルト、粘土の比率）、土壌構造、孔隙率などがあり、これらは土壌の保水性や透水性に影響する。","④森林の土壌pHは、一般に農耕地に比べて高く（アルカリ性）、塩基性の条件下で有機物の分解が促進される。","⑤マイコリザ（菌根菌）は、樹木の根と共生することで、土壌からの無機養分（特にリン）の吸収を助けている。"
"2023","14","森林の水文・気象に関する次の記述のうち、最も不適切なものはどれか。","3","①樹冠遮断とは、降雨の一部が樹冠に遮られ、林床まで到達せずに大気中に蒸発する現象のことである。","②蒸発散量は、蒸発（土壌面や水面からの水の蒸発）と植物の蒸散の合計量を示す。","③森林の蒸発散量は、夏よりも冬の方が多い傾向にある。","④林内の気温は、林外に比べて年較差が小さく、気温変化が緩やかである。","⑤森林整備や適切な間伐により、土壌の水分保持能力が向上し、水源涵養機能が維持・向上される。"
"2023","15","森林の測定と評価に関する次の記述のうち、最も不適切なものはどれか。","3","①胸高直径とは、地上から1.2mの高さにおける幹の直径のことをいう。","②材積の算出には、形数（胸高形数）を使用する方法があり、材積＝胸高断面積×樹高×胸高形数で求められる。","③標準地法による蓄積調査では、調査する標準地の面積は対象林分の面積に関わらず常に一定（通常100㎡）でなければならない。","④毎木調査とは、調査対象の林分内の全ての立木について、胸高直径や樹高を測定する方法である。","⑤バイテル（Bitterlich）法（角形係数法）は、林分断面積合計を効率よく推定する方法で、選木確率が断面積に比例する点が特徴である。"
"2023","16","森林の経営と計画に関する次の記述のうち、最も不適切なものはどれか。","1","①法正林とは、林内に老齢林から若齢林まで全ての齢級が等面積で存在し、毎年等量の収穫が得られる理想的な林で、日本では大半の民有林がこの状態にある。","②輪伐期とは、同一林分を繰り返し伐採する場合、一回の輪伐に要する年数のことで、経済的輪伐期や工芸的輪伐期などの概念がある。","③森林施業計画（現・森林経営計画）とは、森林所有者が一定の区域の森林について、森林の施業の内容などを定めた計画のことである。","④択伐林施業とは、成熟した個々の立木を選択的に伐採し、天然更新により後継樹を育成する施業方法で、持続的に材木を収穫できる。","⑤複層林施業とは、樹冠が複数の層で構成される林分を目指す施業で、多様な林齢の樹木が混在した林分を育成する。"
"2023","17","森林の伐採と更新に関する次の記述のうち、最も不適切なものはどれか。","2","①皆伐とは、ある林分の全ての立木を一度に伐採することで、皆伐跡地では通常人工造林または天然更新による更新が行われる。","②主伐後の造林に当たっては、「森林・林業基本計画（令和3年）」において、主伐後に植栽を行わず天然更新に委ねることを基本方針とすることが定められている。","③択伐とは、成熟した個々の立木あるいは特定の樹木群を選択的に伐採する方法で、林分の構造を維持しながら収穫を行う方法である。","④帯状伐採とは、林分を帯状に区切って順次伐採を行う方法で、伐採方向や配置により天然更新を促進するよう工夫される場合がある。","⑤群状択伐とは、林内の小面積の群（グループ）単位で択伐を行う方法で、ギャップ更新を利用して更新を図る。"
"2023","18","林道に関する次の記述のうち、最も不適切なものはどれか。","1","①「林道の開設及び改良の基準」（林野庁）では、林道の規格として自動車道と軽車道の2種類のみが定められており、歩道については定義されていない。","②林道は、森林施業に必要な作業路網の基幹となるものであり、路線数・延長ともに日本の道路交通法に基づく道路体系の中では位置づけられない。","③林道の縦断勾配（縦断こう配）は、通行の安全性や木材搬出効率の観点から、一定の基準以下に抑えるよう定められている。","④作業道は、林道よりも簡易な規格で開設される林内道で、高性能林業機械による施業の効率化に貢献している。","⑤路網整備にあたっては、地形や土質、水系などを考慮した適切な路線選定と施工が、土砂流出などの環境への影響を最小化するために重要である。"
"2023","19","林業経営と木材流通に関する次の記述のうち、最も不適切なものはどれか。","4","①我が国の素材（丸太）生産量は、1960年代をピークに減少し、近年は増加傾向にある。","②国産材の自給率は、2000年代に最低水準に落ち込んだ後、近年は上昇傾向にある。","③木材の流通経路としては、山元（森林所有者）→素材生産者（素材業者）→木材市場（原木市場）→製材工場→建材店・プレカット工場→工務店・建築会社→ユーザーという流れが一般的であった。","④流通の効率化のため、大規模製材工場やバイオマス発電施設への原木の集約が進んでいるが、山元価格（立木価格）は近年大幅に上昇している。","⑤CLT（直交集成板）は、ひき板を繊維方向が直交するよう積層接着した木質材料で、建築用途を中心に利用が拡大している。"
"2023","20","木材の性質と利用に関する次の記述のうち、最も不適切なものはどれか。","5","①木材の含水率とは、木材中の水分量を全乾重量で除して100を掛けた値であり、繊維飽和点は含水率約30%程度とされている。","②木材の強度は、含水率が繊維飽和点以下になると、含水率が低下するほど高くなる傾向がある。","③木材の乾燥方法には、天然乾燥と人工乾燥（強制乾燥）があり、人工乾燥では短時間で乾燥できるが、乾燥コストがかかる。","④木材の耐久性（耐腐朽性）は、一般に辺材よりも心材の方が高い傾向がある。","⑤木材の熱伝導率は金属に比べて高く、断熱性は低い特徴があるため、断熱材としての利用には適さない。"
"2023","21","木材の利用と加工に関する次の記述のうち、最も不適切なものはどれか。","2","①集成材とは、ひき板（ラミナ）を繊維方向が平行になるよう積層接着した木質材料で、均質性が高く、大断面材や長尺材の製造も可能である。","②木質ボード類（合板、MDF、パーティクルボード等）は、木材の固体性質（繊維方向による異方性）をそのまま活かした木質材料である。","③木質バイオマスとは、木材由来の有機物をエネルギー源として利用するものを指し、木質ペレットや木質チップなどがある。","④木材保存処理とは、木材の耐久性を向上させるため、防腐剤や防虫剤などを木材に注入または表面処理する方法である。","⑤木造建築物の耐火性能を高めるため、大断面木材の利用や木材の燃えしろ設計（燃えしろ設計法）などが活用されている。"
"2023","22","森林・林業の担い手と組織に関する次の記述のうち、最も不適切なものはどれか。","3","①森林組合は、森林所有者を組合員とする協同組合であり、森林の施業管理や木材の販売・加工などを事業として行っている。","②認定林業事業体（認定事業体）とは、都道府県知事が認定した林業経営体で、一定の施業計画の作成・実施や経営改善に取り組む事業体のことである。","③森林経営計画とは、市町村が作成する計画であり、市町村内の全森林を対象に森林の施業・保護等の方針を定めたものである。","④「緑の雇用」事業とは、林業の担い手を確保・育成するため、就業者への技術・知識等の研修を支援する事業である。","⑤林業事業体の経営基盤の強化を図るため、「経営体育成基盤整備事業」等の支援施策が設けられている。"
"2023","23","保安林制度に関する次の記述のうち、最も不適切なものはどれか。","5","①保安林とは、水源涵養、土砂流出防備、土砂崩壊防備などの特定の公益目的のために農林水産大臣または都道府県知事が指定した森林のことである。","②保安林には、水源涵養保安林、土砂流出防備保安林、飛砂防備保安林、防風保安林など17種類の種別がある。","③保安林内では、立木の伐採や土地の形質の変更等の行為は原則として制限されており、必要な場合は許可が必要である。","④保安林の指定及び解除は、森林法に基づき行われ、農林水産大臣または都道府県知事が行う。","⑤保安林制度は、明治時代に導入された制度であるが、現在では先進的な管理手法の導入により、全ての保安林において木材生産を優先した施業が行われている。"
"2023","24","鳥獣被害対策に関する次の記述のうち、最も不適切なものはどれか。","1","①「鳥獣の保護及び管理並びに狩猟の適正化に関する法律（鳥獣保護管理法）」では、全ての野生鳥獣の捕獲を禁止しており、有害鳥獣駆除も一切認められていない。","②シカやイノシシなどの農林業被害を軽減するため、防護柵の設置や捕獲の推進などの対策が実施されている。","③「鳥獣被害防止特措法」に基づき、市町村は鳥獣被害防止計画を作成し、総合的な被害防止対策を実施することができる。","④指定管理鳥獣（ニホンジカ、イノシシなど）については、環境大臣が指定し、都道府県が管理計画を作成して個体数管理を行う体制が設けられている。","⑤野生動物の個体数管理のため、狩猟免許制度があり、狩猟者による捕獲も個体数管理に貢献している。"
"2023","25","森林病害虫に関する次の記述のうち、最も不適切なものはどれか。","4","①カシノナガキクイムシによるナラ枯れ被害は、近年、日本海側地域から太平洋側地域へと分布が拡大している。","②スギカミキリは、スギ・ヒノキなどの針葉樹を加害する害虫で、幼虫が樹皮下を食い荒らすことで被害を引き起こす。","③マツ材線虫病（松くい虫）は、マツノザイセンチュウがマツノマダラカミキリにより媒介されて発生するもので、感染した樹木は枯死する。","④アメリカシロヒトリは、外来の害虫であり、サクラやブナなどの広葉樹を加害するが、針葉樹には被害を与えない。","⑤スギ・ヒノキを加害するスギドクガは、葉を食べる食葉性害虫の一種で、大発生すると林分の成長低下や枯死を引き起こすことがある。"
"2023","26","森林施業計画・経営計画に関する次の記述のうち、最も不適切なものはどれか。","2","①森林経営計画とは、森林所有者等が作成する計画で、5年間を1期として施業・保護の内容を定めた計画のことである。","②森林経営計画は、認定を受けた場合でも、税制上の優遇措置や補助事業の優先採択等の支援措置は一切受けられない。","③市町村森林整備計画とは、市町村が作成する計画で、市町村内の全森林を対象に森林の施業・保護等の方針を定めたものである。","④地域森林計画とは、都道府県知事が作成する計画で、民有林を対象に森林の整備・保全等の方針を定めたものである。","⑤全国森林計画とは、農林水産大臣が作成する計画で、全国の森林を対象に森林の整備・保全等の基本的方針を定めたものである。"
"2023","27","木材の乾燥に関する次の記述のうち、最も不適切なものはどれか。","2","①木材の含水率が繊維飽和点以上では、含水率の変化による木材の収縮・膨張（寸法変化）はほとんど生じない。","②木材を乾燥する際に、乾燥速度を速くするほど、乾燥欠陥（割れ・反り・ねじれ等）が発生しにくくなり、乾燥品質が向上する。","③木材の接線方向（年輪の接線方向）の収縮率は、放射方向（木裏方向）の収縮率より大きい傾向がある。","④木材の乾燥において、高温乾燥は短時間で乾燥できるが、強度低下などの品質変化が生じることがある。","⑤木材の平衡含水率とは、周囲の温湿度条件において木材が最終的に示す含水率のことであり、温度や湿度によって変化する。"
"2023","28","木材の強度に関する次の記述のうち、最も不適切なものはどれか。","5","①木材の繊維方向の強度は、繊維に直交する方向の強度よりも一般に大きい。","②木材の気乾比重（容積比重）は、木材の強度と正の相関がある傾向がある。","③木材に荷重をかけ続けると時間の経過とともに変形が進む現象をクリープという。","④節は木材の強度（特に曲げ強さ）を低下させる欠点であり、無節材は節あり材に比べて一般に強度が高い。","⑤木材の弾性係数（ヤング率）は繊維方向が最も小さく、繊維直交方向（放射・接線方向）が最も大きい。"
"2023","29","木材の化学的性質と利用に関する次の記述のうち、最も不適切なものはどれか。","4","①木材の主要成分は、セルロース、ヘミセルロース、リグニンの3成分で、これら以外にも抽出成分（精油、タンニン等）が含まれる。","②セルロースは木材細胞壁の主要構成成分で、グルコースが直鎖状に結合した高分子化合物であり、繊維状構造（ミクロフィブリル）を形成している。","③リグニンは、木材細胞間の接着剤的役割を担い、セルロースやヘミセルロースで形成される細胞壁に充填されており、木材に硬さや腐朽への抵抗性を与えている。","④木材の芯材（心材）は、辺材に比べて水分が多く、養分（デンプン等）を多く蓄積した生きた細胞（柔細胞）が多い活性部位である。","⑤木質バイオマス（木材由来の炭素）は、燃焼しても大気中のCO₂を増加させないとみなすカーボンニュートラルの概念に基づいて利用が促進されている。"
"2023","30","林産物の認証と流通に関する次の記述のうち、最も不適切なものはどれか。","3","①FSC認証（Forest Stewardship Council）とは、適切に管理された森林から産出された木材・林産物であることを認証する制度で、国際的に広く普及している。","②PEFC認証（Programme for the Endorsement of Forest Certification）は、持続可能な森林管理を認証する国際的な制度で、FSCとは異なるアプローチを持ちながら相互承認の仕組みを持っている。","③合法木材（合法伐採木材）の流通確保を目的として、日本では「クリーンウッド法」が2017年に制定され、全ての木材・木材製品の輸入業者に合法証明書の提出が義務付けられた。","④SGEC（Sustainable Green Ecosystem Council）認証は、日本独自の森林認証制度で、国際的な基準と整合しながら日本の森林の特性に合った認証システムである。","⑤サプライチェーン認証（CoC認証）とは、認証森林から産出された木材製品が製造・流通の各段階で適切に管理されていることを保証する認証制度のことである。"
"2023","31","木材の構造利用に関する次の記述のうち、最も不適切なものはどれか。","2","①木造軸組工法（在来工法）は、柱・梁などの軸組部材で構造を支える工法で、日本の住宅建設で伝統的に広く用いられている。","②2×4工法（枠組壁工法）では、主に2インチ×4インチの規格材を使用した軸組部材で構造を支えるため、壁による構造的役割が軸組工法に比べて小さい。","③CLT（Cross Laminated Timber）は、ひき板を繊維方向が直交するよう積層接着した木質材料で、面材として柱・梁に替わる構造材としての利用が期待されている。","④木質ラーメン構造は、柱と梁をガセットプレートや金物で剛接合した木造の構造形式で、大空間の構造に用いられることがある。","⑤集成材を用いた大断面木造建築は、耐火建築物としての利用が可能であり、非住宅・中大規模建築物への木材利用拡大に貢献している。"
"2023","32","非木材林産物の利用と管理に関する次の記述のうち、最も不適切なものはどれか。","2","①特用林産物には、きのこ類（シイタケ、マイタケ等）、山菜類（ワラビ、ゼンマイ等）、薬用植物等が含まれる。","②シイタケの原木栽培では、コナラやクヌギの丸太よりも針葉樹（スギ・ヒノキ等）の丸太が好適な原木として広く利用されている。","③タケノコは竹類の若芽・若茎で、食用として利用されるほか、竹林は建材・工芸品の材料としても活用されている。","④漆（うるし）は、ウルシの樹液から得られる天然の塗料・接着剤であり、伝統工芸品への利用の他、近年は文化財修復などにも利用されている。","⑤林野の草資源（採草地）は、草炭・飼料・肥料などの用途で利用されており、地域によっては入会権に基づく共同管理が行われている場合もある。"
"2023","33","バイオマスエネルギーに関する次の記述のうち、最も不適切なものはどれか。","1","①木質バイオマス発電において、国内の未利用材や製材残材は燃料として利用できるが、輸入木材チップや建設廃材については、FIT（固定価格買取制度）の対象外となっており利用が全く認められていない。","②木質ペレットは、木材の廃材・残材などを圧縮成型した固形燃料で、ストーブや小型ボイラーの燃料として利用される。","③木質バイオマスのエネルギー利用においては、熱電併給（コジェネレーション）による効率的なエネルギー利用が推進されている。","④木質バイオマス発電は、FIT（固定価格買取制度）の対象となっており、電力として売電することで収益を得ることができる。","⑤木質バイオマスのガス化技術として、木材を高温で熱分解して可燃性ガスを生成するガス化発電が研究・実用化されている。"
"2023","34","森林の炭素吸収と気候変動に関する次の記述のうち、最も不適切なものはどれか。","1","①パリ協定（2015年採択）では、世界の平均気温の上昇を産業革命前比で3℃以内に抑えることを目標としており、森林の役割についての記述はない。","②我が国では、温室効果ガス削減目標の達成に向け、森林経営活動を通じた吸収量を「森林吸収源対策」として京都議定書等のもとで計上してきた。","③REDD+（Reducing Emissions from Deforestation and forest Degradation in developing countries）とは、途上国における森林減少・劣化による排出の削減等を促進する国際的な仕組みである。","④一般に、若齢林から壮齢林にかけては炭素吸収量（純一次生産量）が増加する傾向にあるが、老齢林では吸収量が低下・横ばいになる傾向がある。","⑤木材製品（HWP: Harvested Wood Products）の炭素貯留効果は、気候変動対策の一環として国際的に評価されるようになってきている。"
"2023","35","木材の構造材としての性能評価に関する次の記述のうち、最も不適切なものはどれか。","4","①JAS（日本農林規格）では、製材・集成材などの木質材料について、強度性能等の規格が定められている。","②機械等級区分（MSR：Machine Stress Rated）は、木材の曲げ剛性を機械的に測定し、ヤング率に基づいてグレード区分するシステムである。","③目視等級区分とは、節・割れ・反りなどの欠点を目視で判定し、強度性能に関わる欠点量に基づいて等級区分する方法である。","④JASの構造用製材では、スギ・ヒノキ・ベイマツなど全ての樹種について共通の強度基準値（基準強度）が定められており、樹種間で差はない。","⑤構造用集成材の接着性能（はく離試験等）は、JASにおいて規定されており、品質管理に用いられている。"
"2024","1","森林・林業基本計画（令和3年）（2021年6月）の「森林づくりを進めるための喫緊の課題に対応するための施策」に関する次の記述のうち、最も不適切なものはどれか。","4","①本計画では、多面的機能の発揮に向けた「国民の森林への理解の促進」として、森林環境教育や都市と農山村の交流を通じた関係人口の拡大を推進することとしている。","②本計画では、山側チャンネルを活用した新たな森林管理の仕組みや、集落機能の維持・向上などに向けた施策を推進することとしている。","③林業の成長産業化に向けた施策として、高性能林業機械の普及、ICT技術の活用等による林業経営の合理化を推進することとしている。","④木材利用拡大に向けた施策として、超高層ビルなどの非住宅・非木造分野への木材利用は、技術的に困難であるとして推進の対象外としている。","⑤違法伐採対策として、輸入木材・木製品の合法性の確認を進めることとしている。"
"2024","2","森林管理や林業施策等に関する文章の記述のうち、最も不適切なものはどれか。","5","①全国森林計画は、農林水産大臣が決め、森林・林業基本計画に即して、民有林を対象に整備・保全の目標と推進すべき施策の基本的な事項などを定める計画であり、市町村森林整備計画の上位計画となる。","②都市林・緑地の管理運営は、林業人材の育成を促進していくために、林業大学校の充実と森林管理の担い手育成・確保を支援する等の取組を推進することとしている。","③路網の整備は、森林作業の効率化のため不可欠であり、国有林野の路網整備を積極的に推進することとされている。","④適切な森林施業が行われるよう、隣接する市区町村の住民から構成される組織が、当該市区町村の森林整備計画に基づき森林所有者に代わって施業を実施することができる仕組みがある。","⑤間伐等の作業が行われていない場合、国及び都道府県は、森林所有者等に対して自らの経費負担なしに間伐等の施業を実施することができる。"
"2024","3","林木の成長量・収量等に関する次の記述のうち、最も不適切なものはどれか。たとえば、yr年生の林分の成長量に対する記述のうち、最も不適切なものはどれか。","4","①材積成長量は、幹材積の増加量として捉えることができ、木材生産上重要な指標となる。","②人工林の収量計算には、時系列での材積成長量、樹高曲線、材積表などが利用される。","③平均成長量は、ある材積を林齢で割った値であり、YmaxとなるYmaxは平均成長量が最大となる林齢で決まる。","④総収穫量は、ある年生における ha当たりの幹材積の総計を示し、その値は必ず年齢の増加とともに増加する。","⑤間伐収穫量は主伐収穫量より小さく、最終収穫量は全収穫量の一部を占める。"
"2024","4","林分の混み合い度の指標に関する次の記述のうち、最も不適切なものはどれか。","3","①収量比数は、林分密度管理図において、最多密度（ある樹高のもとで、もうこれ以上は入らないという上限の本数密度）を1としたときの、それに対する相対的な混み具合を表す量である。","②樹冠長率は、林木の樹冠長を樹高で割った値の百分率である。","③形状比は、林木の胸高直径を樹高で割った値である。","④相対幹距（比）は、林木間距離の平均（平均幹距）を上層樹高又は主林木平均樹高で割った値の百分率である。","⑤樹冠疎密度は、林分の樹冠投影面積を林地面積で割った値である。"
"2024","5","育林に関する次の記述のうち、最も不適切なものはどれか。","2","①つる切りとは、つる植物を除去し、植栽木の樹幹部や樹冠の損傷・折損、樹冠部の被圧などの被害を防ぐ作業である。","②間伐とは、植栽木相互の競争を管理し、樹高成長を目的に合わせて調節する作業である。","③枝打ちとは、植栽木の下枝（枯れ枝と生枝の一部）を切り、主に無節で完満な良材を得るための作業である。","④下刈りとは、篠草木を刈払い、植栽木の成長に対する光、通風、粗系競合などの障害を除去する作業である。","⑤地ごしらえとは、植栽とその後の保育を能率よくするために、植栽予定地の雑草木の刈払いと枝条の整理を行う作業である。"
"2024","6","林木育種・種苗に関する次の記述のうち、最も不適切なものはどれか。","1","①林木の個体は一般に大型で世代期間が長いことから、林木改良のための交配や選抜は、効率的に行うことが難しい。","②採種園は、多くの優良な親木から多様な遺伝的背景を持つ種子を採取して、林業用苗木を大量生産する施設であり、採取した種子は後代検定で証明された遺伝的改良効果を持つ。","③採種木（あるいはプラスツリー）とは、特定の優良な形質を示す林木の中から選ばれた個体で、後代検定によって遺伝的優良性が確認された場合に精英樹と呼ばれる。","④コンテナ苗とは、成型容器（コンテナ）に培土を入れて育苗した根ごと取り出せる苗木であり、裸苗と比較して植え付け時期の制約が少ないとされている。","⑤さし木やつぎ木などの栄養繁殖は、遺伝的に優良な個体の形質を次世代に固定することができる。"
"2024","7","日本の森林面積や蓄積量の推移に関する次の記述のうち、最も不適切なものはどれか。","2","①人工林のうち壮齢（51年生以上）の割合は、近年増加傾向にある。","②人工林は、樹種別単位面積当たり蓄積量において、スギが最も多い。","③森林の蓄積は、戦後の拡大造林により植栽された人工林が育成したことなどから、近年増加傾向にある。","④森林面積は、第二次世界大戦後の拡大造林を経て近年ほぼ横ばいで推移している。","⑤針葉樹の蓄積（人工林に多い）と広葉樹の蓄積（天然林に多い）の割合を比べると、近年では針葉樹の蓄積が多い。"
"2024","8","森林伐採（皆伐）後の更新方法に関する次の記述のうち、最も不適切なものはどれか。","5","①林木の種子を土壌中に持ち込んでいる場合には、伐採後に天然下種更新が期待できる場合がある。","②天然更新においては、単木択伐や複数択伐などの更新補助作業が行われる場合がある。","③森林の更新には、植栽による人工更新のほか、天然更新（天然下種更新・萌芽更新等）がある。","④萌芽更新は、ケヤキ、クヌギ、コナラなどの広葉樹において効果的な方法である。","⑤モザイク状配置による天然更新では、伐採地の周囲に残存する樹木からの飛種によって更新が期待できる。"
"2024","9","森林病害虫等に関する次の記述のうち、最も不適切なものはどれか。","4","①松くい虫被害は、マツノマダラカミキリが媒介するマツノザイセンチュウ（線虫）によるものである。","②ナラ枯れ被害は、カシノナガキクイムシがナラ菌を媒介してナラ・カシ類を枯らすものである。","③シカの食害は、林木の樹皮をはぐ樹皮剥皮や植栽木の食害等で、森林の更新や生育に影響を与えている。","④ニホンジカの個体数は、近年増加傾向から減少傾向に転じつつあるが、その主な原因は天敵の増加によるものである。","⑤スギカミキリ（カミキリムシ）は、スギ・ヒノキ人工林に発生し、幼虫が樹皮下を食害することで枯死を引き起こす。"
"2024","10","日本の森林土壌に関する次の記述のうち、最も不適切なものはどれか。","5","①森林土壌は、地上部の有機物と土壌が一体となった総体のことを指し、地中の根系が土壌の団粒化・風化促進・地下水の涵養などに役割を果たしている。","②本州では、スギ、ヒノキやブナなどの落葉・枯死した有機物が堆積した有機物層（A0層）の発達が見られ、多様な生物の生息環境として機能している。","③粗腐植とは、土壌に堆積した植物遺体が微生物によって分解されずに堆積したものであり、針葉樹林では広葉樹林より粗腐植が多く形成される。","④カラマツは落葉針葉樹であるため、落葉広葉樹のブナと比べて枯れ葉の腐植化が進みやすく、土壌の肥沃化に優れる傾向がある。","⑤火山灰土壌は日本各地に広く分布し、リン酸の吸収係数が高く、リン酸が土壌に固定されやすい性質を持つ。"
"2024","11","森林認証制度に関する次の記述のうち、最も不適切なものはどれか。","4","①森林認証は、FSCやPEFCによる認証制度があり、持続可能な方法で管理された森林から産出した木材や林産物を認証する仕組みである。","②日本においては、SGECがPEFCに加盟することで（2016年9月）、国際的にも通用する認証制度として運用されている。","③日本では国産材のFSC・PEFC認証取得の取組も進んでいる。","④FSC認証は2015年のCOP21において採択されたパリ協定を受け、森林認証への関心が国際的に高まったことで日本でも取得面積が急増しており、現在も増加傾向にある。","⑤SGECはPEFCに加盟することで国際基準との整合性が確保され、国際的に通用する認証として扱われるようになった。"
"2024","12","林業機械に関する次の記述のうち、最も不適切なものはどれか。","2","①スキッダとは、グラップルやチョーカーを用いて、原木をそのまま（未造材の状態）で引きずり集材する機械である。","②フォワーダとは、木材の積み込みから集材・集積まで行うことができる積載型集材機であり、伐倒作業も行うことができる。","③ハーベスタとは、立木の伐倒・造材・集積作業の一連の作業が行える多機能型自走式林業機械である。","④プロセッサとは、伐倒された丸太の造材（枝払い・玉切り）を行う林業機械である。","⑤タワーヤーダとは、塔状の鉄製タワーを自立させてワイヤーロープを架設し、原木等を空中搬送するための架線型集材機械である。"
"2024","13","路網に関する次の記述のうち、最も不適切なものはどれか。","3","①1路線あたりの作業道・林道の設計速度は、一般的には林道より作業道のほうが低い。","②路網は集材の効率化のうえで重要であり、路網密度が高いほど架線系集材よりも車両系集材の割合が高まる傾向がある。","③路網密度を高めれば集材コストが常に低下するため、林業地においては可能な限り路網密度を高めることが合理的である。","④林道の開設に際しては、開設予定路線周辺の地形・地質・植生・水系等の調査を行い、自然条件に配慮した路線計画が求められる。","⑤急傾斜地や地盤の脆弱な場所では、路網整備よりも架線系（タワーヤーダ等）の活用が適している場合がある。"
"2024","14","地球温暖化対策に関する次の記述のうち、最も不適切なものはどれか。","1","①パリ協定（2015年）は、2016年11月に発効し、産業革命前と比べた気温上昇を2℃より十分低く抑え、1.5℃に抑える努力をすることを目的としており、法的拘束力のある数値目標として各国のGHG排出削減量を一律に定めている。","②京都議定書（1997年）では、温室効果ガスの削減に向けた数値目標が設定され、排出量取引・クリーン開発メカニズム（CDM）・共同実施の3つの京都メカニズムが定められた。","③IPCC第6次評価報告書（2021年以降）によると、最も可能性の高いシナリオでは、今世紀末の世界平均気温の上昇は、産業革命以前に比べて大幅に高まるとされている。","④IPCCが定めた土地利用に関する報告書では、森林の減少は世界的なGHG排出の要因の一つとなっており、森林の保全・回復・持続可能な管理が温暖化緩和策として重要とされている。","⑤日本政府は2021年4月に、2030年度の温室効果ガスの削減目標（2013年度比）を従来の26%削減から46%削減に引き上げることを宣言した。"
"2024","15","林業・木材産業に関する次の記述のうち、最も不適切なものはどれか。","2","①木造住宅の建設では、近年、プレカット加工（工場での事前加工）の普及に伴い、大工が手刻みにより木材を加工する割合が減少している。","②製材工場数は長期的に見ると増加傾向にあり、1工場あたりの出荷量も増加しており、製材業全体の生産能力は高まっている。","③近年では、国産材の供給量が増加し、木材の輸入量は減少傾向にある。","④木材自給率（＝国産材供給量/木材総供給量）は長期的に低下傾向にあったが、2002年以降は上昇に転じ、近年は40%以上となっている。","⑤林業産出額のうち、木材（立木・素材）の産出額は特用林産物（きのこ類等）より大きな割合を占めている。"
"2024","16","森林の炭素吸収・固定に関する次の記述のうち、最も不適切なものはどれか。","5","①人工林は、不要な木の伐採の後の植え直し、林齢を通した炭素の吸収と放出のバランスなどを通じて、長期的な炭素固定に貢献することができる。","②人工林は、幼齢期に炭素を多く固定し、中高齢期にかけては炭素の固定速度が変化する。","③路面の木材は、大気中に比べ炭素を長期に固定することができるため、木材利用による炭素固定は気候変動対策として有効である。","④森林生態系の炭素ストックには、生きている木（バイオマス）だけでなく、枯死木、リター（落葉落枝など）、土壌有機物なども含まれる。","⑤熱帯林の破壊は、大気中のCO₂を増加させる要因となっているが、植林によってその全量を代替・回復できることが確認されている。"
"2024","17","水源涵養や山地防災に関する次の記述のうち、最も不適切なものはどれか。","4","①ハイドログラフとは、時間の経過に対する流量の変化を示したグラフであり、山地流域の降雨‐流出の特性を把握するために用いられる。","②土石流は、谷筋に堆積した土砂・流木が、融雪や大雨による洪水で一気に押し出される現象である。","③ダム式えん堤（砂防えん堤）の目的には、土砂・流木の捕捉・調節のほか、渓床勾配の緩和による渓床・渓岸の侵食防止がある。","④森林の水源涵養機能とは、主に降水量そのものを増大させることで、より多くの水資源を生み出す機能のことである。","⑤急峻な山地地形を有する日本では、山地水源域の河川の流れと土砂・流木の動態が、下流の扇状地から平野部の地形形成に関わっている。"
"2024","18","林産物・木材の性質に関する次の記述のうち、最も不適切なものはどれか。","3","①年輪幅が広い（成長が早い）ほど、木材の密度（容積密度）・強度は高くなる傾向がある。","②木材は、繊維飽和点（含水率が約30%）以下に乾燥すると、含水率の低下とともに強度が増加する傾向がある。","③木材の乾燥収縮は、繊維方向よりも半径方向・接線方向に大きい。","④辺材は、心材に比べて強度が高い。","⑤針葉樹の心材（赤味）は、スギやヒノキのように独特の色を持つものもあり、一般に防腐・防虫性能が高い。"
"2024","19","木材の乾燥に関する次の記述のうち、最も不適切なものはどれか。","5","①木材を乾燥させる目的には、含水率の低下による強度増加、軽量化、腐朽等の防止などがある。","②木材乾燥法には、大気乾燥（天然乾燥）と人工乾燥があり、工業的には人工乾燥が多く使われる。","③人工乾燥機（乾燥窯）によるスチーム乾燥では、乾燥温度・湿度のコントロールが重要であり、高温乾燥や中温乾燥などが目的に応じて使い分けられる。","④木材の乾燥中には、内外の収縮差などが原因で割れや変形（反り・ねじれ等）が生じることがあり、乾燥の条件（温湿度のコントロール）が重要である。","⑤CLT（直交集成板）は、繊維方向が同一方向のみの一方向ラミナを積層接着した製品で、1方向のみに強度特性を持つ。"
"2024","20","木材加工と木材製品に関する次の記述のうち、最も不適切なものはどれか。","1","①ハニカムコアは、六角形の状のセルを並べた構造で、強度の割に非常に重い特性を持つ。","②チェーンソーで生産された木材は、切断面が粗く、製材の場合と比べて寸法精度が低い。","③チェーンソー生産材は、山元での伐採現場において簡易に木材加工を可能にし、山元出荷などに活用されることがある。","④フィンガージョイント（指継ぎ）は、木材を長さ方向につないで長尺材を製造する接合方法である。","⑤CLT（直交集成板）は、繊維方向が互いに直交するように積層接着した製品で、2方向以上に強度特性を持つ。"
"2024","21","森林の多面的機能に関する次の記述のうち、最も不適切なものはどれか。","1","①林業的土地利用の場合には、生物多様性保全機能は一般的には低く、自然林・原生林では高いことから、人工林の主伐更新は生物多様性保全に一切貢献しない。","②森林の花粉は、スギやヒノキなどの針葉樹に多く見られ、花粉症の増加は伐採が遅れ壮齢以上のスギ・ヒノキが増加したことも一因とされている。","③保安林は、水源涵養、土砂の崩壊防備など目的に応じた機能の発揮を確保するために指定される森林であり、農林水産大臣または都道府県知事が指定する。","④里山林は、薪炭生産などの人の利用が減少したことで管理が行き届かなくなり、生物多様性の低下も懸念されている。","⑤森林の保健・レクリエーション機能は、人々が森林内で過ごすことによる心身へのリフレッシュ効果など、健康・福祉への貢献も含まれる。"
"2024","22","林業経営に関する次の記述のうち、最も不適切なものはどれか。","2","①スマート林業とは、ICT・IoT・ドローン・AIなどの先端技術を活用して林業の効率化・省力化を図る取組である。","②スマート林業の普及により、林業従事者の雇用は不要となり、林業現場から人が排除されることが目指されている。","③森林施業計画は、森林経営の基本方針をまとめたものであり、森林所有者や森林組合等が作成し、市町村が認定する計画である。","④林業の雇用形態として、専業林家（林業のみで生計を立てる林家）のほか、農林業兼業や自伐型林業（小規模・自立型林業）など多様な形態がある。","⑤集約化施業（集約施業）とは、隣接する複数の森林所有者から施業を受託してまとめて実施し、施業の効率化を図る取組である。"
"2024","23","木材の流通に関する次の記述のうち、最も不適切なものはどれか。","4","①素材市場（木材市場）は、主に丸太（素材）を取引する市場であり、出材者と買材者が競りや相対取引によって売買を行う場である。","②製材品市場では、建築用材（構造材・造作材）や家具・建具用材なども含めた製材品が取引される。","③JAS（日本農林規格）は、木材や木質建材の品質・規格を定めた規格であり、建築材料として使用する際の品質の目安になっている。","④木材流通においては、大規模製材工場の普及とともに産地直送・直取引が主流となったため、従来の木材市場（素材市場）を通じた流通はほぼ消滅した。","⑤バイオマス燃料用木材は、製材品や合板に向かない木材チップ等が利用されることが多く、燃料材市場の需要拡大が見られる。"
"2024","24","木材の用途・利用に関する次の記述のうち、最も不適切なものはどれか。","3","①集成材は、ひき板（ラミナ）や小角材などを接着剤で接着した木質建材であり、天然の丸太に比べて品質が均一で、大断面・長尺の部材を製造しやすい。","②合板は、薄い板（単板/ベニヤ）を繊維方向が互いに直交するように奇数枚積層接着したもので、異方性が小さく寸法安定性に優れている。","③LVL（単板積層材）は、単板を繊維方向を互いに直交させて積層接着したもので、異方性が小さく、合板に近い性能を持つ。","④パーティクルボードは、木材チップや鋸屑等を細かく裁断した後、接着剤と混合して熱圧成形したボード製品である。","⑤MDF（中密度繊維板）は、木材を繊維状にほぐしたものを接着剤と混合して成型したパネル製品で、均質で加工性に優れる。"
"2024","25","山地災害・防災に関する次の記述のうち、最も不適切なものはどれか。","1","①地すべりは、斜面の土砂が地下水の影響を受け、比較的ゆっくりとした速度でまとまって移動する現象であり、花崗岩地帯に特に多く発生し、粘土質地帯では発生しない。","②土石流は、大雨や融雪によって渓流上流から土砂・石・流木が混合して一気に流下する現象で、下流に甚大な被害をもたらす。","③ 急傾斜地崩壊（がけ崩れ）は、急勾配の斜面が突発的に崩れる現象であり、降雨・地震などが誘因となる。","④山地における侵食・崩壊対策として、砂防ダム（砂防えん堤）や山腹工（山腹階段工・山腹緑化工等）が整備される。","⑤森林は、根系による土壌保持や樹冠による雨滴侵食軽減など、山地の土砂災害軽減に一定の機能を持つ。"
"2024","26","木質バイオマスエネルギーに関する次の記述のうち、最も不適切なものはどれか。","2","①木質バイオマスは、燃焼によってCO₂を排出するが、成長過程でCO₂を吸収するため、カーボンニュートラルと見なされる。","②木質バイオマスの利用においては、発電のみを行うよりも熱利用や熱電供給（コジェネ）を行う方がエネルギー変換効率は低くなる。","③木質ペレットは、木材を圧縮成形した固形燃料であり、輸送・貯蔵が容易で、自動化されたボイラーでの燃焼に適している。","④木質バイオマス発電では、製材残材・林地残材・建設廃材等が活用されており、FIT（固定価格買取制度）による支援が行われている。","⑤木質バイオマスのエネルギー利用は、化石燃料の代替となり、GHG排出削減に貢献できる。"
"2024","27","非木質林産物に関する次の記述のうち、最も不適切なものはどれか。","4","①漆は、ウルシノキの樹皮に傷をつけて採取した樹液を加工した塗料であり、日本では伝統工芸・文化財の保護・保全に広く使われている。","②コルクは、コルクオークの幹の外皮（コルク層）から採取されるが、採取の際に木を伐採する必要はなく、定期的に樹皮をはいで採取する。","③竹は、成長が非常に早い多年生の植物であり、建材・工芸品・紙などの原料として利用されるほか、竹炭や竹の子（タケノコ）の食用利用も広く行われている。","④松脂（ロジン）の採取は日本国内で盛んに行われており、国産松脂の自給率は高く輸入には頼っていない。","⑤タンニンは、カシワ・ミモザ・ケブラチョなどの樹皮や葉に多く含まれ、皮革のなめし・インクの製造などに利用される植物性化合物である。"
"2024","28","木材の保存・防腐に関する次の記述のうち、最も不適切なものはどれか。","1","①木材を腐朽させる木材腐朽菌は、酸素・水分・栄養分（木材）・温度の4要素が揃うと繁殖しやすく、いずれか一つを欠けば腐朽の進行を抑えることができる。 木材が腐朽しないよう水中に没して保存する水中保存（水中貯木）は、酸素を遮断することを原理としている。","②木材の耐久性を高めるため、薬剤加圧注入（防腐処理）が利用され、クロム・銅・ほう素などを含む薬剤が使われることがある。","③木材の心材（赤味）は、辺材（白太）に比べ防腐・防虫性能が一般に高く、ヒバ・スギ・ヒノキなどの心材は耐久性が高い。","④ホウ酸系防腐剤は、揮発性が低く処理後も木材中に残留するため、人体に対する安全性の観点から食品加工施設周辺での木材利用には不適切である。","⑤木材の劣化原因には腐朽のほか、シロアリなどの害虫による食害（生物的劣化）や、紫外線による光劣化・酸化（非生物的劣化）もある。"
"2024","29","森林の生態系・生物多様性に関する次の記述のうち、最も不適切なものはどれか。","4","①里山林において薪炭材の利用が衰退し二次林の管理が放棄されると、特定の優占種が増え、光条件の変化によって植物の多様性が低下することがある。","②都市林・街路樹も、鳥類・昆虫等の生息に寄与しており、都市の生物多様性保全に一定の役割を担っている。","③森林内の倒木・枯れ木（立ち枯れ）は、キツツキ類の巣場所や昆虫類・菌類の生息場所として、森林生態系における生物多様性の維持に重要な役割を果たす。","④外来種は在来種と共存することで生態系の多様性を高める効果があり、積極的な外来種の導入が生物多様性の観点から推奨されている。","⑤森林の多様な生態系サービス（供給・調整・文化・基盤サービス）を持続的に享受するため、生物多様性の保全が必要である。"
"2024","30","測樹・林分調査に関する次の記述のうち、最も不適切なものはどれか。","4","①胸高直径は、通常、傾斜地では斜面上方から1.3mの高さで測定される。","②林分平均樹高は、林分を代表する樹高として、様々な調査・評価で使用される。","③リモートセンシング（航空写真・衛星画像・LiDAR等）は、広域の森林資源調査に活用されている。","④相対幹距比とは、林分の平均幹距（平均樹幹間距離）を胸高直径（DBH）で割った値であり、林分の密度管理に使われる。","⑤材積計算の基本式は V=g×h×f（断面積×樹高×形数）で表される。"
"2024","31","林道・作業道に関する次の記述のうち、最も不適切なものはどれか。","2","①林道は、森林施業や森林管理のほか、山村地域の生活道路としても機能する場合がある。","②作業道は、林道よりも高い規格で整備され、大型トラックや重機が通行できるように設計されるのが標準的である。","③林道の開設費用は一般的に高く、長期間にわたる利用を前提として計画される。","④林道開設に際しては、開設予定路線周辺の地形・地質・植生・水系等の調査を行い、自然条件に配慮した路線計画が求められる。","⑤スイッチバックは、急勾配の山地において道路を折り返すように配置し、急峻な地形での路線勾配を確保するための線形技術の一つである。"
"2024","32","国有林野の管理・経営に関する次の記述のうち、最も不適切なものはどれか。","4","①国有林野事業は、農林水産省の森林管理局・森林管理署等を通じて管理・経営が行われている。","②国有林野の多くは奥地急峻な山岳地帯に分布しており、公益的機能の発揮が優先される。","③国有林野法に基づき、国有林野の管理・経営は、国有林野事業として実施されている。","④国有林野では公益的機能を主目的としているため、木材生産・販売や民有林支援（技術指導・人材育成等）は行っていない。","⑤国有林野事業では、民有林支援（技術指導・人材育成等）も実施されている。"
"2024","33","森林計画制度に関する次の記述のうち、最も不適切なものはどれか。","2","①全国森林計画は、15年を1期として農林水産大臣が策定する、国全体の森林整備・保全の長期計画である。","②地域森林計画は、農林水産大臣が策定し、民有林を対象とした地域の森林整備・保全の計画である。","③市町村森林整備計画は、地域森林計画に基づき、市町村が策定する計画である。","④森林経営計画は、森林所有者や森林経営者が作成し、市町村長等が認定する計画である。","⑤森林経営計画の認定を受けた経営体は、交付金や税制上の優遇措置を受けることができる。"
"2024","34","木材の接合・接着に関する次の記述のうち、最も不適切なものはどれか。","4","①木材接着剤には、フェノール樹脂、ユリア樹脂（尿素樹脂）、メラミン樹脂など多種類がある。","②木材の接着強度は、接着剤の種類・木材の樹種・接着面の状態などの影響を受ける。","③木材同士をダボや金物で接合する工法は、建築用木材接合において広く使われている。","④木材は非均質な異方性材料であるが、接着剤を用いた場合は含水率の影響を受けないため、乾燥状態・湿潤状態ともに同等の接着強度が得られる。","⑤構造用集成材に使用される接着剤は、耐水性・耐久性の高いものが求められる。"
"2024","35","木材の物理的・化学的性質に関する次の記述のうち、最も不適切なものはどれか。","1","①木材のセルロースは、細胞壁の主成分であり、水にはほとんど溶けないが、酸や一部のアルカリによって容易かつ完全に加水分解・溶解する。","②ヘミセルロースは、セルロースよりも重合度（DP）が低く、多種類の糖（キシロース・マンノース等）を含む多糖類であり、細胞壁の充填材的役割を果たしている。","③リグニンは、細胞壁の中層（主に中間層）に多く含まれ、木材に剛性・圧縮強度を与えているフェニルプロパノイド系の芳香族高分子化合物である。","④木材の抽出成分（エキストラクティブ）には、テルペン類・フェノール類などがあり、樹種固有の色・臭い・耐腐朽性に関係する。","⑤木材のパルプ化（製紙原料化）では、リグニンを除去してセルロース繊維を取り出す工程（蒸解）が行われる。"
"2025","1","森林・林業基本計画（令和3年（2021年））における、森林の有する多面的機能を発揮するための施策の記述のうち、最も不適切なものはどれか。","4","①山地災害防止/土壌保全機能として重要な森林については、下層植生や樹冠による被覆状態、根系の発達状況等に基づき必要な施策を講ずることとしている。","②花粉の少ない森林への転換などを加速するための施策を講ずることとしている。","③伐採後の更新が十分に行われていない箇所について重点的に再造林等を実施することとしている。","④森林吸収量については、第三者機関による検証の実施等を通じた透明性の確保に取り組むこととしている。","⑤広葉樹林等の多様な森林の育成などにより、生物多様性の保全を図ることとしている。"
"2025","2","森林計画制度に関する次の記述のうち、最も不適切なものはどれか。","1","①全国森林計画は、森林・林業基本計画に即して、農林水産大臣が10年を一期として策定し、5年ごとに変更される。","②地域森林計画は、全国森林計画に即して、都道府県知事が10年を一期として策定し、5年ごとに変更される。","③市町村森林整備計画は、地域森林計画に即して、市町村長が10年を一期として策定し、5年ごとに変更される。","④森林経営計画は、市町村森林整備計画に即して、森林所有者または森林の経営の委託を受けた者が5年を一期として作成する。","⑤国有林の地域別の森林計画は、全国森林計画に即して、農林水産大臣が10年を一期として策定し、5年ごとに変更される。"
"2025","3","森林の役割・機能に関する次の記述のうち、最も不適切なものはどれか。","5","①自然攪乱の一つである山地崩壊は、下層植生が少ない、または土壌が浅い急傾斜地等で発生しやすく、その跡地には先駆性の陽樹が侵入し遷移が始まる。","②台風などの強風による風害は、林分の疎密状態、林齢、樹種などによって影響が異なり、特に皆伐直後の林分や高齢な林分で発生しやすい。","③渓流における流木は、大型の魚類の生育場所を提供するなど、渓流生態系の重要な構成要素となっている。","④温帯の森林では、大気中のCO2などの温室効果ガスを固定することで、地球温暖化防止に貢献している。","⑤適度な間伐を行うことで林内の光環境が改善され、下層植生が発達するため、森林土壌の流亡が促進される。"
"2025","4","森林生態系内の炭素循環に関する次の記述のうち、最も不適切なものはどれか。","2","①森林生態系では、光合成によって大気中のCO2を有機物として固定し、呼吸によってCO2を放出している。","②林床に堆積した枯死有機物（リター）に含まれる炭素は、土壌生物の活動に依存せず自然に無機化される。","③土壌中に蓄積された有機炭素は、微生物分解を受けてCO2として大気に放出されることがある。","④生態系全体の炭素収支（NEP）は、総一次生産（GPP）から生態系全体の呼吸量を差し引いたものである。","⑤森林伐採後の跡地では、残存した有機物の分解が進むとともに植生の回復が進み、時間の経過とともに炭素収支が変化する。"
"2025","5","林業経営に関する次の記述のうち、最も不適切なものはどれか。","4","①林業経営においては、経営面積の確保が収益性に影響し、一般に面積が大きいほど規模の利益が得られる。","②皆伐及び10haおよびそれ以上の面積とする伐採は、伐採面積に応じた届出が必要とされている。","③施業の集約化を図るために、林業経営体が隣接する森林所有者から森林施業の委託を受け、まとまった面積の施業を行うことが有効である。","④林業の成長産業化に向けた施策として、主伐・再造林に対する補助が行われているが、素材生産と造林経費の両方をカバーするよう補助率が引き上げられている。","⑤林業経営の収益性を向上させるためには、低コスト造林技術の普及や高性能林業機械の活用による生産性向上が重要である。"
"2025","6","森林経営管理制度に関する次の記述のうち、最も不適切なものはどれか。","3","①本制度は、適切な経営管理が行われていない森林について、森林所有者が市町村に経営管理を委託し、市町村が林業経営者に再委託等することを可能にするものである。","②市町村は、経営管理権集積計画を定めて都道府県知事の認定を受けることにより、森林所有者から経営管理権を取得することができる。","③林業経営者が経営管理実施権を取得するためには、国が実施する審査に合格する必要がある。","④経営管理権が設定された森林については、伐採後の更新や保育など適切な経営管理を行うことが求められる。","⑤本制度では、所有者不明森林や境界未確定の森林に関する特例措置も設けられている。"
"2025","7","森林の更新・育成に関する次の記述のうち、最も不適切なものはどれか。","2","①天然更新は、主に埋土種子や周囲からの種子散布によって行われ、萌芽更新に比べて更新に時間を要することが多い。","②人工造林における地拵えは、植栽後の下刈りを省略するために行うものであり、林地残材や雑草木を除去する作業が含まれない。","③コンテナ苗は、根鉢が形成されているため、裸苗に比べて植栽適期が長く、活着率が高い特徴がある。","④大苗植栽は、通常の苗木に比べて初期成長が旺盛で下刈り期間の短縮が期待できる反面、植栽コストが高くなる傾向がある。","⑤萌芽更新は、伐採後に残る切り株から萌芽を育成する方法で、広葉樹林の更新に活用されている。"
"2025","8","森林施業に関する次の記述のうち、最も不適切なものはどれか。","2","①間伐には、除伐や枝打ちなどの保育作業とは異なり、林分の密度管理を目的とした樹木の除去が含まれる。","②定性間伐は、ha当たりの立木本数または断面積に基づき機械的に間伐対象木を選定する方法であり、定量間伐に比べて作業が単純である。","③列状間伐は、一定の列の木をすべて伐採する方法で、作業効率が良いが、残存木の形質への配慮が難しい場合がある。","④択伐は、老齢木や被害木を選択的に伐採しながら林分の更新を促す施業で、不均一な林分構造の維持に有効である。","⑤皆伐後の一斉造林では、初期の集中的な投資が必要であり、長期的な収支計画が重要となる。"
"2025","9","木材の性質と利用に関する次の記述のうち、最も不適切なものはどれか。","5","①心材は、一般に辺材よりも耐久性や耐腐朽性に優れており、建材としての利用価値が高い場合が多い。","②木材の乾燥は、寸法安定性の向上と強度の改善をもたらし、建材として使用する前に適切な乾燥処理が推奨される。","③CLT（直交集成板）は、木材を繊維方向が直交するように積層接着した製品で、大断面の建材として利用される。","④木材の収縮・膨潤は、繊維方向よりも半径方向・接線方向の方が大きい傾向がある。","⑤木材の強度は、一般に比重に反比例し、比重が高いほど強度が低下する傾向がある。"
"2025","10","日本の林業・木材産業に関する次の記述のうち、最も不適切なものはどれか。","4","①日本の人工林面積は国土の約3割を占め、その多くがスギやヒノキで構成されている。","②木材自給率は近年上昇傾向にあり、近年は40%を超える水準に達している。","③林業従事者の高齢化が進んでおり、担い手の育成・確保が重要な課題となっている。","④木材の輸入は減少傾向にあり、現在は国産材の供給量が輸入材を大幅に上回っている。","⑤高性能林業機械の普及により、作業の効率化と省力化が進んでいる。"
"2025","11","木材の強度性質に関する次の記述のうち、最も不適切なものはどれか。","3","①木材の繊維方向の引張強さは、圧縮強さよりも大きい値を示すことが多い。","②木材は、荷重が繰り返し作用すると疲労が生じ、静的強度よりも低い荷重で破壊が起きることがある。","③木材のヤング係数（弾性係数）は、樹種には依存せず含水率のみによって変化する性質がある。","④木材は異方性材料であり、繊維方向と直交方向では強度特性が大きく異なる。","⑤構造材として使用される木材には、品質のばらつきを考慮した基準強度が設定されている。"
"2025","12","林道及び作業道に関する次の記述のうち、最も不適切なものはどれか。","5","①林道は、森林の適正な整備と管理のために開設する道で、林道規程に基づき整備される。","②作業道は、林業機械を使用した効率的な作業を目的として開設され、比較的簡易な構造で設けられる場合が多い。","③路網密度を高めることで、集材距離が短縮され、林業作業の効率化に寄与する。","④林道の開設にあたっては、地形、地質、林況等を踏まえた路線選定が必要である。","⑤作業道は、一度開設すれば維持管理が不要で永続的に利用できる。"
"2025","13","森林の病害虫に関する次の記述のうち、最も不適切なものはどれか。","4","①マツ材線虫病（松枯れ）の病原体は、マツノザイセンチュウであり、媒介昆虫はマツノマダラカミキリである。","②ナラ枯れは、カシノナガキクイムシが媒介するRaffaelea quercivora（ナラ菌）によって引き起こされる。","③スギ・ヒノキのスギカミキリによる被害は、成虫が産卵した後、幼虫が形成層を食害することで発生する。","④アメリカシロヒトリは、スギやヒノキを主に加害する外来害虫で、定期的な薬剤散布による防除が必要とされる。","⑤ニホンジカによる樹皮剥ぎや食害は、林木の生育を阻害し、植栽木の枯死につながることがある。"
"2025","14","森林土壌に関する次の記述のうち、最も不適切なものはどれか。","3","①森林土壌は、枯死有機物の分解・蓄積と風化作用によって形成され、表層のA層と下層のB層などで構成される。","②土壌生物の活動は、有機物の分解と養分の循環に重要な役割を果たしており、ミミズや土壌微生物が代表的である。","③森林土壌のpHは、針葉樹林よりも広葉樹林の方が常に高くなる傾向がある。","④土壌中の腐植は、土壌の保水性、通気性の向上や、陽イオン交換容量の増大に寄与している。","⑤山地における土壌侵食は、植生の消失や豪雨などによって促進されることがある。"
"2025","15","チェーンソーに関する次の記述のうち、最も不適切なものはどれか。","1","①チェーンソーは、セルロース系素材（木材）を切断するための専用工具であり、プラスチックや金属材料の切断に使用することはできない。","②チェーンソーの使用にあたっては、防護ズボン、ヘルメット、防護靴などの保護具を着用することが求められる。","③チェーンソーには、キックバック防止のためのチェーンブレーキが装備されている。","④チェーンソーの定期的な目立て（刃の研磨）は、切断効率の維持と安全な作業のために重要である。","⑤チェーンソーを使用する際は、周囲の安全確認と退避スペースの確保が重要な安全対策である。"
"2025","16","森林の測定と調査に関する次の記述のうち、最も不適切なものはどれか。","4","①胸高直径は、地上高1.3mの位置で測定することが日本での標準とされている。","②樹高は、一般に測高器やレーザー機器を用いて測定され、傾斜補正が必要な場合がある。","③標準地調査では、林分の状態を把握するため、設定した区画内の樹木を計測して蓄積などを推定する。","④バーセル式による胸高形数は、単木の幹材積を算出する際に求められ、値は樹種や形状によって変わらない一定の値である。","⑤毎木調査は、林分内の全立木の胸高直径等を測定する調査で、詳細な林分構造の把握に用いられる。"
"2025","17","森林の水文・水循環に関する次の記述のうち、最も不適切なものはどれか。","4","①森林の樹冠は降雨を一時的に遮断（遮断蒸発）し、蒸散とともに水を大気に還元する機能を持っている。","②森林土壌の高い浸透能は、降雨の表面流出を抑制し、洪水緩和機能の一因となっている。","③森林の蒸散量は、樹種、林齢、季節、気象条件などによって異なる。","④森林の伐採を行うと、一般に蒸散量が増加するため、渓流流量は減少する傾向がある。","⑤流域の水収支において、流域からの流出量は降水量から蒸発散量を差し引いた値にほぼ等しい。"
"2025","18","樹木の成長に関する次の記述のうち、最も不適切なものはどれか。","3","①直径成長は、形成層の細胞分裂によって外側に木部細胞、内側に師部細胞が形成されることで生じる。","②樹高成長は、頂芽における頂端分裂組織の活動によって行われる。","③根の一次成長（伸長成長）は、根の先端部にある維管束形成層の活動によって行われる。","④スギなどの針葉樹では、成長に伴って心材化が進み、辺材幅がほぼ一定に保たれる傾向がある。","⑤樹木の成長量は、光、温度、水分、養分などの環境条件と遺伝的特性の相互作用によって決まる。"
"2025","19","植物の分類と形態に関する次の記述のうち、最も不適切なものはどれか。","3","①裸子植物と被子植物の最も大きな違いの一つは、胚珠が心皮に包まれているか否かである。","②単子葉類の葉脈は一般に平行脈で、双子葉類の葉脈は一般に網状脈である。","③コケ植物（蘚苔類）は、維管束を持ち、胞子によって繁殖する植物である。","④スギは裸子植物であり、雌雄同株で風媒花をもつ。","⑤被子植物の花の基本構成要素は、萼片、花弁、雄蕊、雌蕊である。"
"2025","20","森林生態系の動態に関する次の記述のうち、最も不適切なものはどれか。","5","①ギャップダイナミクスとは、老木の枯死等によって林冠にギャップが形成され、そこに光が差し込んで更新が促進されるプロセスである。","②遷移において、先駆種（パイオニア種）は一般に成長が速く、光要求度が高い傾向がある。","③生態系サービスには、供給サービス（木材、食料等）、調整サービス（水源涵養、土砂流出防止等）、文化的サービス（レクリエーション等）が含まれる。","④森林の一次遷移は、裸地などの植生が全くない場所から始まり、完成した植生に至るまでの変化の過程を指す。","⑤極相（クライマックス）林は、一度成立すると撹乱がない限り永久に同一の状態が維持される安定した林相である。"
"2025","21","鳥獣害の防止に関する次の記述のうち、最も不適切なものはどれか。","2","①ニホンジカの個体数管理には、捕獲（狩猟・有害駆除）と防護柵の設置が主な対策として行われている。","②クマによる剥皮害は、主に夏季の新芽・若葉を食べるために発生するものであり、樹幹への直接的な被害はない。","③イノシシによる農林業被害は、掘り起こしや踏み荒らしによる植栽木への被害が含まれる。","④ニホンザルは、農作物だけでなく造林地の苗木への食害も引き起こすことがある。","⑤鳥獣害の防止には、地域一体となった広域的な対策が有効であるとされている。"
"2025","22","GNSSを活用した森林調査に関する次の記述のうち、最も不適切なものはどれか。","3","①GNSSは、米国が運用するGPS、ロシアのGLONASS、EUのGalileoなどの衛星測位システムの総称である。","②森林内では樹冠による電波遮断のため、開けた場所に比べて測位精度が低下する場合がある。","③スマートフォン内蔵のGNSS受信機は、専用測量機器と同等の測位精度を常に確保できる。","④差動GPS（DGPS）や電子基準点を利用することで、単独測位より高い精度が得られる場合がある。","⑤GNSSデータとGISを組み合わせることで、林道配置の計画や森林調査結果の地図化に活用できる。"
"2025","23","リモートセンシングの森林への応用に関する次の記述のうち、最も不適切なものはどれか。","2","①航空レーザー測量（ALS）は、樹高や林冠の三次元構造を把握するために利用される。","②光学センサによる衛星画像は、雲のある日でも影響を受けず、森林状況の把握に使用できる。","③合成開口レーダー（SAR）は、昼夜を問わず、また雲を透過して地表の情報を取得できる。","④近赤外域の反射率を利用したNDVI（正規化植生指数）は、植生の活性度の評価に用いられる。","⑤ドローンを使用した空撮画像から、SfM（Structure from Motion）技術を用いて三次元点群を作成することができる。"
"2025","24","持続可能な森林管理と認証に関する次の記述のうち、最も不適切なものはどれか。","4","①FSC（森林管理協議会）認証は、環境・社会・経済の観点から持続可能な方法で管理されている森林に与えられる国際的な認証制度である。","②SGEC（緑の循環認証会議）は、日本独自の森林管理認証制度であり、FSCとの相互認証が行われている。","③CoC（加工・流通過程の管理）認証は、認証材がサプライチェーンを通じて適切に管理されていることを証明するものである。","④PEFC（森林認証プログラムの承認制度）は、FSCと同一の組織によって運営される認証制度である。","⑤持続可能な森林管理の国際的な基準・指標として、モントリオール・プロセスなどの国際的枠組みがある。"
"2025","25","林業労働安全に関する次の記述のうち、最も不適切なものはどれか。","1","①チェーンソー作業については、振動障害を防止するための健康管理は必要とされていない。","②伐木造材作業においては、受け口と追い口を適切に作ることが安全な伐倒のために重要である。","③林業作業においては、斜面崩壊、落石等の自然災害のリスクに対する危険予知が重要である。","④集材機やウインチを使用する作業では、ワイヤーロープの点検と適切な張力管理が安全確保に必要である。","⑤刈払機の使用にあたっては、飛び石による被害防止のための防護具着用が重要である。"
"2025","26","森林バイオマスエネルギーに関する次の記述のうち、最も不適切なものはどれか。","2","①木質バイオマス発電は、化石燃料に比べてCO2排出量が少ない再生可能エネルギーとして位置付けられている。","②木質バイオマスのカーボンニュートラルとは、化石燃料と同じプロセスで大気中のCO2が増加しないことを意味する。","③木質チップや木質ペレットは、木材の端材や間伐材などを原料として製造されるバイオマス燃料である。","④固定価格買取制度（FIT）の導入により、木質バイオマス発電所の建設が促進されてきた。","⑤バイオマス発電の効率を高めるため、熱電併給（コジェネレーション）の導入が図られている。"
"2025","27","森林の多面的機能に関する次の記述のうち、最も不適切なものはどれか。","2","①水源涵養機能は、降水を土壌に貯留し、ゆっくりと流出させることで、渇水時の流量維持や洪水の緩和に貢献する機能である。","②森林の水源涵養機能は、一度涵養が確立すれば伐採後も継続して維持されるため、森林の継続的な管理は不要とされている。","③土砂流出防止機能は、森林の根系が土壌を固定し、地表面を覆う植生が雨滴による土壌侵食を防ぐことによって発揮される。","④生物多様性保全機能は、さまざまな動植物の生息・生育場所を提供することで、生態系の多様性を維持する機能である。","⑤保健・レクリエーション機能は、人々がハイキングや森林浴などを通じて心身の健康を回復・増進させる機能である。"
"2025","28","樹木の栄養と施肥に関する次の記述のうち、最も不適切なものはどれか。","5","①窒素（N）は、タンパク質や核酸の構成成分として重要な必須元素であり、不足すると葉が黄化（黄白化）する。","②リン（P）は、核酸やATPの構成成分として重要であり、根系の発達や開花・結実に関与する。","③カリウム（K）は、気孔の開閉調節や光合成産物の転流に関与し、不足すると葉の縁が枯れる症状が現れる。","④菌根菌は、樹木の根と共生し、リンなどの養分吸収を助け、樹木の成長を促進する効果がある。","⑤過剰な窒素施肥は、樹木の成長を常に促進し、耐寒性や病害虫への抵抗性を高める効果がある。"
"2025","29","木材の加工・利用に関する次の記述のうち、最も不適切なものはどれか。","2","①集成材は、複数の挽き板（ラミナ）を繊維方向を揃えて接着したものであり、大断面・長尺の部材が製造可能である。","②木材の熱処理（サーモウッド）は、木材の強度を高め、収縮・膨潤を増大させるために行われる処理である。","③MDF（中密度繊維板）は、木材を繊維状に解繊した後、接着剤を加えて成形した板材であり、表面が均一で加工性に優れる。","④木材の化学的改質には、アセチル化処理があり、これによって寸法安定性と耐久性を向上させることができる。","⑤フィンガージョイントは、木材端部を指状に加工して接合する技術で、木材の有効利用と長さ方向への延長に活用される。"
"2025","30","日本の森林・林業に関する法律に関する次の記述のうち、最も不適切なものはどれか。","2","①森林法は、森林の保続培養と森林生産力の増進を図り、国土の保全と国民経済の発展に資することを目的とする。","②森林組合法に基づく森林組合は、森林所有者および素材生産業者が等しく参加でき、組合員の経済的・社会的地位の向上を目的とする。","③木材の安定供給の確保に関する特別措置法は、木材の安定的かつ効率的な供給を確保するための措置を定めている。","④自然環境保全法は、自然環境の適正な保全を総合的に推進するための基本的事項を定めた法律である。","⑤特定非営利活動促進法（NPO法）に基づく団体も、森林ボランティア活動などの形で森林・林業に関わっている。"
"2025","31","林野火災に関する次の記述のうち、最も不適切なものはどれか。","5","①林野火災は、乾燥した気象条件や強風下で発生・拡大しやすい。","②林野火災の予防として、入山者に対する火気の制限や監視体制の強化が行われている。","③林野火災後の森林では、土砂流出や土壌侵食のリスクが高まる。","④林野火災を消火するためには、延焼を阻止する防火帯の設置や、地上・航空の連携した消火活動が有効である。","⑤林野火災は森林の更新を阻害するのみで、生態系に対して一切の正の影響をもたらさない。"
"2025","32","森林における炭素吸収・固定に関する次の記述のうち、最も不適切なものはどれか。","2","①森林は、光合成によって大気中のCO2を吸収・固定し、地球温暖化の緩和に貢献している。","②若齢林は樹木の成長が活発なため、常に老齢林よりも単位面積当たりのCO2吸収量が多い。","③伐採した木材を長期利用することは、炭素を木材製品として固定し続けることにつながる。","④土壌有機炭素は、森林生態系における主要な炭素貯留の場の一つである。","⑤持続可能な森林管理によって、伐採と植林を繰り返すことで長期的な炭素固定効果が維持できる。"
"2025","33","森林の病害に関する次の記述のうち、最も不適切なものはどれか。","5","①ナラ枯れは、菌類の感染によって発生する病害であり、カシノナガキクイムシによって媒介される。","②スギ赤枯病は、糸状菌（カビ類）が原因で発生し、葉や枝が赤褐色に変色・枯死する病害である。","③ファイトフトラ属菌による根腐れは、過湿状態の土壌で発生しやすく、樹木の衰弱・枯死を引き起こす。","④ぶな科のナラ・カシ類に発生するウドンコ病は、葉の表面に白色粉状の菌叢が見られる病害である。","⑤ベイマツ（ダグラスファー）材の輸入増加によって日本国内に持ち込まれたアラゲコフキタケは、現在日本の森林全体で主要な病原菌として深刻な被害をもたらしている。"
"2025","34","木材の乾燥に関する次の記述のうち、最も不適切なものはどれか。","3","①木材の含水率は、木材乾燥前後の質量変化から算出できる。","②天然乾燥は、木材を大気中で自然に乾燥させる方法で、コストが低い反面、乾燥に時間がかかる。","③木材の繊維飽和点（FSP）以下では含水率が変化しても木材の寸法変化は生じない。","④人工乾燥（強制乾燥）では、温度・湿度を制御することで乾燥時間を短縮できる。","⑤木材の乾燥に伴って、割れや反りなどの乾燥欠陥が発生することがある。"
"2025","35","バイオマス資源としての林業副産物に関する次の記述のうち、最も不適切なものはどれか。","3","①林地残材（伐採後に林内に残された枝葉や梢端部等）は、バイオマス燃料の原料として活用可能である。","②製材工場から排出されるおが粉やバーク（樹皮）は、木質バイオマス燃料の原料として利用されている。","③木質バイオマスの持続的利用のためには、伐採量を森林の蓄積量よりも常に多くすることが必要とされる。","④木質チップを原料とした発電は、固定価格買取制度（FIT）の対象となっており、林業の収益改善に寄与している。","⑤バイオマスボイラーによる熱供給は、化石燃料の代替として温室効果ガスの削減に貢献できる。"
